feature	metadata	value	coef	stderr	N	N.not.0	pval	qval
badeae06f9f02ed7567ab02f37fc1612	SampleType	Sample	-4.03031717956188	0.32316822125921	18	13	1.17516330891158e-09	4.10954609126381e-06
X9be493e9aea5ea556ea35a3ff8fc61c8	SampleType	Sample	8.05645842550243	0.827857255925411	18	11	4.00489880552417e-08	4.66837704097268e-05
a7c0e5b81d8f91d217059d6d45bb4a9c	SampleType	Sample	-3.57169888432779	0.361347438358799	18	14	3.22847242438102e-08	4.66837704097268e-05
X417b908efc21728c97947e2319527752	SampleType	Sample	3.81185230773119	0.473676014453421	18	9	5.13601506315929e-07	0.000449016116896701
X4d833bf0162967d91310d1a93db92ed2	SampleType	Sample	4.70681293901221	0.615866888236574	18	14	9.98216578159257e-07	0.000698152674764585
d23c235f41d3398df2e2f5edbac63604	SampleType	Sample	-3.17060996110845	0.445061348545505	18	12	2.41303126798505e-06	0.00140639505735729
X26b941552eaad9d941eff16910335833	SampleType	Sample	-1.74101506492751	0.250532357851325	18	11	3.27520660695705e-06	0.00163619964350411
X5d0f35ba3e7d0ebce9788d34229f1ade	SampleType	Sample	-3.21487702825244	0.468872097980266	18	9	3.85760948360863e-06	0.00168625754552242
X9879a750c4dcbe94271efc3a64a8dcc6	SampleType	Sample	-2.10981775954909	0.314242460721315	18	11	4.97449004761052e-06	0.00193286574405489
b6b5e5683e22e7ccbc945f50aa1bfb52	SampleType	Sample	-3.83838318863406	0.628871630379047	18	12	1.52393956883819e-05	0.00532921667222714
a86091032bf65639a7bae7d5232f0378	SampleType	Sample	2.87974120873141	0.48670345904192	18	10	2.16850959126239e-05	0.00675815319664235
X992d4d84004e921e2356b0a17d4a66a8	SampleType	Sample	-1.52793139675913	0.259783083691123	18	8	2.31906886930821e-05	0.00675815319664235
X2f5f939a9cb1a84c481d0d730257edfc	SampleType	Sample	2.90917937317014	0.511215954933165	18	8	3.34465572370151e-05	0.00822083631496329
e53d40931998c5c89278f8b7d89112fa	SampleType	Sample	3.42934420186282	0.600499565090955	18	9	3.21730837218931e-05	0.00822083631496329
a2856ec474695516bcc911974ec23ec6	SampleType	Sample	-1.6753719385983	0.295826664519961	18	8	3.52623805331568e-05	0.00822083631496329
ad7cea3f47c9e64cbe5f5544c27fb1c5	SampleType	Sample	-2.94144854130405	0.549583805943873	18	16	6.47967522906902e-05	0.014162140172534
X450b0f9dbaf395de258b2b6c62a5f5aa	SampleType	Sample	4.12134067025346	0.786903554572618	18	10	8.13389971130936e-05	0.0158023596058049
X644e54b8ec5af158bba8bd750443f3aa	SampleType	Sample	-2.6860951101586	0.511635524033416	18	9	7.93264343420283e-05	0.0158023596058049
X9c872286b28ea46be348ce877c3c656d	SampleType	Sample	3.05963795742228	0.591104893455245	18	14	9.19034127090483e-05	0.0160030911203022
X9c7f57129ddb57343abd55a3fa67f442	SampleType	Sample	-3.35655300029698	0.651280176008115	18	9	9.61009189380455e-05	0.0160030911203022
f682ab7ce14f68292ea45a066404b92e	SampleType	Sample	-1.85596383923338	0.356770459272231	18	8	8.72602590942926e-05	0.0160030911203022
X87840ae42f96525d12342d1c69d1461c	SampleType	Sample	3.39955123886388	0.66435914517285	18	9	0.000103432607640751	0.016441083132714
X93b8f4990bcff13031bb21d0feba9ef1	SampleType	Sample	-2.75885987927918	0.562435823262512	18	8	0.000158522096346403	0.0241022509097118
X56335ac95e507e0bbb08dc360850bfe5	SampleType	Sample	3.51441670610794	0.725574925687296	18	16	0.000179635497777561	0.0261743889886721
d350ed02e3e8ac5ff62590f2f6fa3906	SampleType	Sample	-1.75648071530629	0.373362362449376	18	12	0.000238642539839327	0.0333813184727251
X9fdf06c3cb2d32b8b07e5644e95d18ca	SampleType	Sample	2.46193700048768	0.525838761131334	18	10	0.000249941425685778	0.0336171217547371
X60ef3e6936a0df613cd8639cf1d82dd8	SampleType	Sample	2.52641900019197	0.546128021605442	18	8	0.000280325393810432	0.0363073297094474
X495c1bd1608a1dad54d3e2824ce899ef	SampleType	Sample	-2.4019487271049	0.543190797906001	18	7	0.000427347344115914	0.0482075374959145
c99293daaa3f4b14f0ece7cabc5e88fe	SampleType	Sample	-4.23569819866938	0.956761756284235	18	15	0.000422767530122216	0.0482075374959145
X631e1451e27bd0c65644a3c6d9f7b42c	SampleType	Sample	-2.17146710709004	0.48904010997341	18	7	0.000411400406495431	0.0482075374959145
X34425b47892462604276847bccc5adeb	SampleType	Sample	-1.54369948387604	0.346750818559817	18	7	0.000401599179172951	0.0482075374959145
ff3c00a7c251667c047120fba528fc25	SampleType	Sample	-1.76409130869171	0.40533193612948	18	11	0.000493936233797285	0.0523422730178517
b86a8e8151ed7a7539be26190c47ce0c	SampleType	Sample	-2.80722904478429	0.644741658650919	18	10	0.00049206680252851	0.0523422730178517
b28d50f8401c6660191fcf0576c96b5a	SampleType	Sample	-2.90985607579547	0.678497887947293	18	10	0.000563815932970506	0.0563332662170817
X730a41c0b1131e10a7dddb613cf11d51	SampleType	Sample	-1.75332144184446	0.408690081392146	18	8	0.00056214158172468	0.0563332662170817
c814f16ff326fbb584191065487c8abf	SampleType	Sample	1.9794970979532	0.465116213008748	18	8	0.000603686228446777	0.0586414094688439
X8940efad20d6105be9d06b29420046f8	SampleType	Sample	-2.85239668668934	0.684149573808627	18	10	0.000723563140274666	0.0683864946362299
ea35e19076b89bd364590d06ab875623	SampleType	Sample	-1.69078277072391	0.414097191080412	18	10	0.000866819935554525	0.0797702451219519
X4c72850cd443f090dd217fc732228e0a	SampleType	Sample	-2.44529083182575	0.613026919980613	18	9	0.00105643941222284	0.0923592156135822
a63518f4179fc9fe25dad386787f15e9	SampleType	Sample	-1.5554104408137	0.389444120744035	18	7	0.00104529229579337	0.0923592156135822
X75bb0a0b7853fefe490cb476018ab14a	SampleType	Sample	-2.6951924107884	0.680427400002418	18	7	0.00112018171545906	0.0955433038770812
X5d10eace291cd6e21a10aa0b539c6675	SampleType	Sample	3.58326202608228	0.918574332659577	18	17	0.00127137280841858	0.105856921691423
X27e997926a556e38007174107ce8d5c1	SampleType	Sample	-2.0053751756062	0.518340806872085	18	9	0.00136022904382836	0.110621417820181
db89d941ee5dc2935674d8799463294d	SampleType	Sample	-2.30334744106096	0.606720003867165	18	9	0.00158474770746528	0.125951425750138
X1b479b5bf21e42e99e4238c1fca02aec	SampleType	Sample	-1.82298217561638	0.483446327958754	18	15	0.00167266749480972	0.127159091942382
e0aa4a8c67cf4588b30e621b6a218c31	SampleType	Sample	-1.07520159573664	0.285065237331729	18	6	0.00166925342360218	0.127159091942382
X8f4c101dad164251d4878936cbc25ece	SampleType	Sample	-1.71262711330385	0.456579265033487	18	10	0.00174408903253451	0.129767645676025
X565f215f8267ea06b8cb664483dfccfb	SampleType	Sample	-2.23972035689257	0.607785112570167	18	12	0.00200465942545691	0.146047791892142
X0e4324eee7005e82de8f34a668a35d53	SampleType	Sample	-2.34379299725699	0.64171455397542	18	7	0.00214783769030241	0.147170451499857
ae6d65029da85c4ac1884b3cd9e27767	SampleType	Sample	-2.52724390229673	0.697608043958665	18	9	0.00228673853121188	0.147170451499857
X9630f9ee63cc0be75cd903690c6ea353	SampleType	Sample	-2.61067582304937	0.721036893691005	18	7	0.00229643650701027	0.147170451499857
X0302b6711c3421fd4463c37658685463	SampleType	Sample	-1.48504495070446	0.406259019183008	18	6	0.00213416929502031	0.147170451499857
a5ce2abe540b5a1f42949458e9f06063	SampleType	Sample	-1.4226880822344	0.38881814706331	18	6	0.00211803635168586	0.147170451499857
be8c43432dd59d95e4ed97d23a751395	SampleType	Sample	-1.16875105299263	0.32312877350572	18	6	0.0023146625200149	0.147170451499857
c596dcbb7695b00a5d89cc56bc325ae3	SampleType	Sample	-1.57586171270325	0.434146518846212	18	6	0.00225286325882713	0.147170451499857
febcdaff68e9e307509a6cf398597260	SampleType	Sample	3.13488102683311	0.872981178908784	18	8	0.00244523402114812	0.150174315247768
X14888fa4df557695367fd95574e2a921	SampleType	Sample	-2.34057942315739	0.651879175088333	18	7	0.00244779410040685	0.150174315247768
X664ddcd6b4bdb13116e4a71964fda54f	SampleType	Sample	1.6373723871272	0.462160060770449	18	12	0.00270698587087776	0.163212579145854
b2c7f912f0c9c47667ab4ecdc1bff415	SampleType	Sample	-1.36021713176395	0.386546986973146	18	6	0.0028476201857642	0.163247996551105
X10dbbe438378754c4dc5e77443b7fac4	SampleType	Sample	-1.13506365446944	0.321676641060635	18	6	0.00278990377840713	0.163247996551105
X2a945663bf660ed3f28afba31164b107	SampleType	Sample	-1.43976239747887	0.408341570595211	18	6	0.00280591020114325	0.163247996551105
X033214354a91af0c2372acdbcddf917a	SampleType	Sample	-2.27049457021214	0.648311290894593	18	12	0.00295001359308268	0.163749167222383
X0348c09cb1ff1cd1e1208e2794eea6c1	SampleType	Sample	-0.953762304917088	0.27210981190494	18	6	0.0029320196851067	0.163749167222383
X2e39714a77fa4eccacec0eacd077218d	SampleType	Sample	-2.35719466277086	0.674627794275652	18	9	0.00300091753703009	0.163972009796785
c39fd6fc4661167fed13f8f1f43e9966	SampleType	Sample	2.07645788884308	0.596064647009934	18	10	0.00306791562679986	0.16498586176509
X0a05ee4d171b0d8a22c44965669531a1	SampleType	Sample	-3.15656396774195	0.914657443247538	18	7	0.00328600962823769	0.16498586176509
d68e97c77530e15c3774f6830604a0cc	SampleType	Sample	-1.86511018419678	0.538783409860579	18	7	0.00321316026589546	0.16498586176509
X2a4863a84bf70e4da20cf6cda8cc8ec2	SampleType	Sample	-1.87760976210871	0.541436352023482	18	6	0.00317187655534275	0.16498586176509
X1992493418215760960c2fa2f7d391b8	SampleType	Sample	-1.47818145429852	0.427117494003205	18	6	0.00321910770403636	0.16498586176509
e06db7dc9d71e1bb9d9b9abdab7f3ab9	SampleType	Sample	-1.05664685124015	0.306388938886147	18	6	0.00330254799072242	0.16498586176509
X094b90b37ab7cbb5661727bdf30972b8	SampleType	Sample	-1.59722138903786	0.464454503710577	18	6	0.00337152930154407	0.166059689683093
a0039c394cc495783a939e9f7213455d	SampleType	Sample	-3.72992241358139	1.0975574807741	18	9	0.00367266401851812	0.171244080970105
X04db8fa0f286c42335556af597b5c346	SampleType	Sample	-2.0740073967729	0.609449880735059	18	14	0.00363644639859205	0.171244080970105
db66d87d00a29a7cae7f21e5385cd9e9	SampleType	Sample	1.25374090135197	0.367993032557664	18	6	0.00360673292740903	0.171244080970105
e6acf6e76691883091b8419f0a670f59	SampleType	Sample	-2.02655586219768	0.595062753140932	18	6	0.00361703849912615	0.171244080970105
X75db9b4fe7a0f119947425627d6891bd	SampleType	Sample	-1.59676408409338	0.473666288723902	18	6	0.00389048444744932	0.17746517788316
e31fbd90ae48ef4e5dbc5a70155b3022	SampleType	Sample	-3.03347781014321	0.90367168712817	18	9	0.00400907893988266	0.17746517788316
a7233f84db0360ad7535619a0b20e8bf	SampleType	Sample	2.23119327220388	0.664373356764293	18	6	0.00399636415229709	0.17746517788316
b5de712b93a82e4723968c0839061699	SampleType	Sample	-1.48681051601923	0.441488238511131	18	7	0.00391807122973435	0.17746517788316
b5fb61584fb688918ec8c5431cdd4547	SampleType	Sample	-1.47472395122416	0.449535977022335	18	14	0.0047083107785099	0.196011461814871
d15bc449222795a9ff230013aa633686	SampleType	Sample	2.33800207864318	0.711572304280799	18	6	0.00465764786809883	0.196011461814871
X1b894e7b3abc023b445b8edae5056a21	SampleType	Sample	-1.73162238693905	0.525459081664926	18	6	0.0045628589931278	0.196011461814871
X576cd6100838c548f4cebc7657f7b79a	SampleType	Sample	-2.21365575758176	0.674749146517716	18	6	0.0047067036591294	0.196011461814871
a9da372ac0851e6d3f72c0d0ba8a9169	SampleType	Sample	-1.64891939172902	0.49921837393609	18	6	0.00449080990843644	0.196011461814871
X3022aecd3cf0ed1b4e11f5f364b31690	SampleType	Sample	-1.8752985235841	0.576390996032112	18	12	0.00498397750680456	0.202278895768095
X169b6455530e3a2dc5bab9634bf5464d	SampleType	Sample	2.30570904623045	0.710624985162398	18	13	0.0050781590057305	0.202278895768095
X0f7a2cba3ea1a42dabd1eb84a27f5927	SampleType	Sample	-1.20390026917721	0.371174029587385	18	6	0.00509023243568555	0.202278895768095
X4bb00ff635bc24788a9b5d0cf25109fd	SampleType	Sample	-1.39945016399168	0.430113199315068	18	7	0.00498229285102136	0.202278895768095
X7dfcf4cd9861f411497dd9ec9e5b3e21	SampleType	Sample	-1.85410606223984	0.573646330687082	18	7	0.00521324504919043	0.204839527382235
X7cd35a4b9e944317318b02eb142118e8	SampleType	Sample	-1.26494013917662	0.392749002684588	18	7	0.00533982090723387	0.207481707917743
X6ace4e7664815b50cab6e2db8056b113	SampleType	Sample	2.51013024203688	0.783345743518755	18	12	0.005526704871417	0.2078159885521
X12479d8565e104f02af902b8c165c23d	SampleType	Sample	-2.37241129291171	0.740219140338304	18	13	0.00551926095440037	0.2078159885521
X368d8403c6cc4e29e24c23cfce3bcd0f	SampleType	Sample	-2.72021176436124	0.848579910050018	18	13	0.00551239043168171	0.2078159885521
d5e758ebd3c124e486293fe3fddf32cf	SampleType	Sample	6.1906348249941	1.94700287919972	18	9	0.00582230124867726	0.216601994325791
X185474c3dc53ff6ff5abb3d7d564841a	SampleType	Sample	2.87353846211818	0.912287079535345	18	10	0.00619756356157176	0.221972658932464
X5a9ca63a1b38151bcc148cc2c0790a3c	SampleType	Sample	-2.00464706513964	0.634921229750759	18	6	0.00610080907828446	0.221972658932464
X1db2aedb3113eb91e4c997379103dce7	SampleType	Sample	2.15350561505163	0.684075490434331	18	11	0.00622056636413538	0.221972658932464
aadf15eecadb292d444c66b51235c196	SampleType	Sample	-1.25029762568566	0.396988726614263	18	6	0.006202305258208	0.221972658932464
c94124146fa5319419d291ad648a77fa	SampleType	Sample	-1.56186597340728	0.498069218178478	18	6	0.00638197386519366	0.223420985139836
X427b8ead127fc0b334406fbaca3f38d7	SampleType	Sample	-1.29188277956985	0.412041557416447	18	6	0.00638893294652089	0.223420985139836
X8188598a9b197d172cfc57da67efb2ab	SampleType	Sample	-1.88103746719147	0.602895047312421	18	8	0.00659739894624131	0.2284267734159
X933db767d1b3ad87196e86e7d73f8bd1	SampleType	Sample	-0.64207860770183	0.207032269875253	18	5	0.00686051625587747	0.23068485910388
X4949fe0db03d05998d5074355e66760e	SampleType	Sample	-1.39117793777382	0.448097393289786	18	6	0.0068134314196051	0.23068485910388
ee065ca4ce4405228c305a28f9378f58	SampleType	Sample	-1.13823982555871	0.366785769799267	18	6	0.00683273656638433	0.23068485910388
X9278c3ba31355d47f18a60ce54266a48	SampleType	Sample	2.03921913421181	0.661767068088877	18	9	0.00715198651173087	0.238195207919265
f053778ac11218db2855b879731e41f6	SampleType	Sample	1.8491840383845	0.602681185075849	18	10	0.0073525057381951	0.24224575018753
acfbc2958b95e403ef08473906cd1b07	SampleType	Sample	-0.76934332287389	0.251058370022335	18	5	0.00741215192166592	0.24224575018753
ba2f196ebaf40e40a61e9436051457fe	SampleType	Sample	-1.49435699111646	0.489521310213293	18	8	0.0075959083379036	0.245952698681934
