"Species","ASV","Kingdom","Phylum","Class","Order","Family","Genus","log2FC","p_value","FDR_q_value","Direction","BestName","Mean_abund_host","Mean_count_host.x","Abundance_rank.x","Mean_count_host.y","Abundance_rank.y"
"Aquiloniella_scabra","9be493e9aea5ea556ea35a3ff8fc61c8","Bacteria","Proteobacteria","Gammaproteobacteria","Cellvibrionales","Cellvibrionaceae","Candidatus_Endobugula",8.056,4.005e-08,4.668e-05,"Enriched in Sample","Genus: Candidatus_Endobugula",14.5803688444955,8858.77777777778,1,8858.77777777778,1
"Aquiloniella_scabra","9be493e9aea5ea556ea35a3ff8fc61c8","Bacteria","Proteobacteria","Gammaproteobacteria","Cellvibrionales","Cellvibrionaceae","Candidatus_Endobugula",8.056,4.005e-08,4.668e-05,"Enriched in Sample","Genus: Candidatus_Endobugula",14.5803688444955,8858.77777777778,1,8858.77777777778,1
"Aquiloniella_scabra","450b0f9dbaf395de258b2b6c62a5f5aa","Bacteria","Proteobacteria","Alphaproteobacteria",NA,NA,NA,4.121,8.134e-05,0.0158,"Enriched in Sample","Class: Alphaproteobacteria",0.0738321275665753,43,127,43,127
"Aquiloniella_scabra","450b0f9dbaf395de258b2b6c62a5f5aa","Bacteria","Proteobacteria","Alphaproteobacteria",NA,NA,NA,4.121,8.134e-05,0.0158,"Enriched in Sample","Class: Alphaproteobacteria",0.0738321275665753,43,127,43,127
"Aquiloniella_scabra","417b908efc21728c97947e2319527752","Bacteria","Bacteroidota","Bacteroidia","Flavobacteriales","Flavobacteriaceae","Flavicella",3.812,5.136e-07,0.000449,"Enriched in Sample","Genus: Flavicella",0.128925883727494,81.3333333333333,81,81.3333333333333,81
"Aquiloniella_scabra","417b908efc21728c97947e2319527752","Bacteria","Bacteroidota","Bacteroidia","Flavobacteriales","Flavobacteriaceae","Flavicella",3.812,5.136e-07,0.000449,"Enriched in Sample","Genus: Flavicella",0.128925883727494,81.3333333333333,81,81.3333333333333,81
"Aquiloniella_scabra","87840ae42f96525d12342d1c69d1461c","Bacteria","Proteobacteria","Alphaproteobacteria","Rhodobacterales","Rhodobacteraceae",NA,3.4,0.0001034,0.01644,"Enriched in Sample","Family: Rhodobacteraceae",0.249701996958119,123.444444444444,64,123.444444444444,64
"Aquiloniella_scabra","87840ae42f96525d12342d1c69d1461c","Bacteria","Proteobacteria","Alphaproteobacteria","Rhodobacterales","Rhodobacteraceae",NA,3.4,0.0001034,0.01644,"Enriched in Sample","Family: Rhodobacteraceae",0.249701996958119,123.444444444444,64,123.444444444444,64
"Aquiloniella_scabra","9c872286b28ea46be348ce877c3c656d","Bacteria","Proteobacteria","Alphaproteobacteria","Sphingomonadales","Sphingomonadaceae","Sphingorhabdus",3.06,9.19e-05,0.016,"Enriched in Sample","Genus: Sphingorhabdus",0.809670268510119,414.222222222222,21,414.222222222222,21
"Aquiloniella_scabra","9c872286b28ea46be348ce877c3c656d","Bacteria","Proteobacteria","Alphaproteobacteria","Sphingomonadales","Sphingomonadaceae","Sphingorhabdus",3.06,9.19e-05,0.016,"Enriched in Sample","Genus: Sphingorhabdus",0.809670268510119,414.222222222222,21,414.222222222222,21
"Patinella_verrucaria","1a04461b51bc23b48c24529fbdb95d2b","Bacteria","Proteobacteria","Alphaproteobacteria","Rhodobacterales","Rhodobacteraceae","Sulfitobacter",8.278,4.653e-09,5.087e-07,"Enriched in Sample","Genus: Sulfitobacter",21.3572601974852,11873.3333333333,1,11873.3333333333,1
"Patinella_verrucaria","1a04461b51bc23b48c24529fbdb95d2b","Bacteria","Proteobacteria","Alphaproteobacteria","Rhodobacterales","Rhodobacteraceae","Sulfitobacter",8.278,4.653e-09,5.087e-07,"Enriched in Sample","Genus: Sulfitobacter",21.3572601974852,11873.3333333333,1,11873.3333333333,1
"Patinella_verrucaria","a634a2821a34209d91ff6a23afaf0749","Bacteria","Proteobacteria","Alphaproteobacteria","Rhodobacterales","Rhodobacteraceae","Yoonia-Loktanella",7.303,1.459e-11,9.572e-09,"Enriched in Sample","Genus: Yoonia-Loktanella",6.83077228854631,4099.33333333333,3,4099.33333333333,3
"Patinella_verrucaria","a634a2821a34209d91ff6a23afaf0749","Bacteria","Proteobacteria","Alphaproteobacteria","Rhodobacterales","Rhodobacteraceae","Yoonia-Loktanella",7.303,1.459e-11,9.572e-09,"Enriched in Sample","Genus: Yoonia-Loktanella",6.83077228854631,4099.33333333333,3,4099.33333333333,3
"Patinella_verrucaria","a634a2821a34209d91ff6a23afaf0749","Bacteria","Proteobacteria","Alphaproteobacteria","Rhodobacterales","Rhodobacteraceae","Yoonia-Loktanella",7.303,1.459e-11,9.572e-09,"Enriched in Sample","Genus: Yoonia-Loktanella",6.83077228854631,4099.33333333333,3,4099.33333333333,3
"Patinella_verrucaria","a634a2821a34209d91ff6a23afaf0749","Bacteria","Proteobacteria","Alphaproteobacteria","Rhodobacterales","Rhodobacteraceae","Yoonia-Loktanella",7.303,1.459e-11,9.572e-09,"Enriched in Sample","Genus: Yoonia-Loktanella",6.83077228854631,4099.33333333333,3,4099.33333333333,3
"Patinella_verrucaria","db30bfa14b0cd36a31d9d1bd5aae464f","Bacteria","Proteobacteria","Alphaproteobacteria","Rhizobiales","Rhizobiales_Incertae_Sedis","Anderseniella",5.902,3.442e-09,4.516e-07,"Enriched in Sample","Genus: Anderseniella",0.347905638355933,217.333333333333,40,217.333333333333,40
"Patinella_verrucaria","db30bfa14b0cd36a31d9d1bd5aae464f","Bacteria","Proteobacteria","Alphaproteobacteria","Rhizobiales","Rhizobiales_Incertae_Sedis","Anderseniella",5.902,3.442e-09,4.516e-07,"Enriched in Sample","Genus: Anderseniella",0.347905638355933,217.333333333333,40,217.333333333333,40
"Patinella_verrucaria","db30bfa14b0cd36a31d9d1bd5aae464f","Bacteria","Proteobacteria","Alphaproteobacteria","Rhizobiales","Rhizobiales_Incertae_Sedis","Anderseniella",5.902,3.442e-09,4.516e-07,"Enriched in Sample","Genus: Anderseniella",0.347905638355933,217.333333333333,40,217.333333333333,40
"Patinella_verrucaria","db30bfa14b0cd36a31d9d1bd5aae464f","Bacteria","Proteobacteria","Alphaproteobacteria","Rhizobiales","Rhizobiales_Incertae_Sedis","Anderseniella",5.902,3.442e-09,4.516e-07,"Enriched in Sample","Genus: Anderseniella",0.347905638355933,217.333333333333,40,217.333333333333,40
"Patinella_verrucaria","a30387bf30a75f6ab45d6e8ba3082804","Bacteria","Proteobacteria","Alphaproteobacteria",NA,NA,NA,5.693,1.303e-05,0.0002423,"Enriched in Sample","Class: Alphaproteobacteria",0.248917187003202,123.666666666667,59,123.666666666667,59
"Patinella_verrucaria","a30387bf30a75f6ab45d6e8ba3082804","Bacteria","Proteobacteria","Alphaproteobacteria",NA,NA,NA,5.693,1.303e-05,0.0002423,"Enriched in Sample","Class: Alphaproteobacteria",0.248917187003202,123.666666666667,59,123.666666666667,59
"Patinella_verrucaria","a30387bf30a75f6ab45d6e8ba3082804","Bacteria","Proteobacteria","Alphaproteobacteria",NA,NA,NA,5.693,1.303e-05,0.0002423,"Enriched in Sample","Class: Alphaproteobacteria",0.248917187003202,123.666666666667,59,123.666666666667,59
"Patinella_verrucaria","a30387bf30a75f6ab45d6e8ba3082804","Bacteria","Proteobacteria","Alphaproteobacteria",NA,NA,NA,5.693,1.303e-05,0.0002423,"Enriched in Sample","Class: Alphaproteobacteria",0.248917187003202,123.666666666667,59,123.666666666667,59
"Patinella_verrucaria","bbaa49db59da4b9d9c05ca4a337866f3","Bacteria","Proteobacteria","Alphaproteobacteria","Rhodobacterales","Rhodobacteraceae",NA,5.332,0.006142,0.03697,"Enriched in Sample","Family: Rhodobacteraceae",4.70970726427707,3191.33333333333,5,3191.33333333333,5
"Patinella_verrucaria","bbaa49db59da4b9d9c05ca4a337866f3","Bacteria","Proteobacteria","Alphaproteobacteria","Rhodobacterales","Rhodobacteraceae",NA,5.332,0.006142,0.03697,"Enriched in Sample","Family: Rhodobacteraceae",4.70970726427707,3191.33333333333,5,3191.33333333333,5
"Patinella_verrucaria","bbaa49db59da4b9d9c05ca4a337866f3","Bacteria","Proteobacteria","Alphaproteobacteria","Rhodobacterales","Rhodobacteraceae",NA,5.332,0.006142,0.03697,"Enriched in Sample","Family: Rhodobacteraceae",4.70970726427707,3191.33333333333,5,3191.33333333333,5
"Patinella_verrucaria","bbaa49db59da4b9d9c05ca4a337866f3","Bacteria","Proteobacteria","Alphaproteobacteria","Rhodobacterales","Rhodobacteraceae",NA,5.332,0.006142,0.03697,"Enriched in Sample","Family: Rhodobacteraceae",4.70970726427707,3191.33333333333,5,3191.33333333333,5
"Patinella_verrucaria","54b2938845517c66a88daab1b15b06a8","Bacteria","Proteobacteria","Alphaproteobacteria","Rhizobiales","Devosiaceae",NA,4.949,0.005361,0.03382,"Enriched in Sample","Family: Devosiaceae",0.493972125420102,227,39,227,39
"Patinella_verrucaria","54b2938845517c66a88daab1b15b06a8","Bacteria","Proteobacteria","Alphaproteobacteria","Rhizobiales","Devosiaceae",NA,4.949,0.005361,0.03382,"Enriched in Sample","Family: Devosiaceae",0.493972125420102,227,39,227,39
"Patinella_verrucaria","c400bb9ef12cb34392453dd557713e2b","Bacteria","Planctomycetota","Planctomycetes","Pirellulales","Pirellulaceae","Blastopirellula",4.246,1.845e-05,0.0003152,"Enriched in Sample","Genus: Blastopirellula",0.331445305543103,194.666666666667,43,194.666666666667,43
"Patinella_verrucaria","c400bb9ef12cb34392453dd557713e2b","Bacteria","Planctomycetota","Planctomycetes","Pirellulales","Pirellulaceae","Blastopirellula",4.246,1.845e-05,0.0003152,"Enriched in Sample","Genus: Blastopirellula",0.331445305543103,194.666666666667,43,194.666666666667,43
"Patinella_verrucaria","c400bb9ef12cb34392453dd557713e2b","Bacteria","Planctomycetota","Planctomycetes","Pirellulales","Pirellulaceae","Blastopirellula",4.246,1.845e-05,0.0003152,"Enriched in Sample","Genus: Blastopirellula",0.331445305543103,194.666666666667,43,194.666666666667,43
"Patinella_verrucaria","c400bb9ef12cb34392453dd557713e2b","Bacteria","Planctomycetota","Planctomycetes","Pirellulales","Pirellulaceae","Blastopirellula",4.246,1.845e-05,0.0003152,"Enriched in Sample","Genus: Blastopirellula",0.331445305543103,194.666666666667,43,194.666666666667,43
"Patinella_verrucaria","2bbe9ffa11b7f8f8f39949efd572622e","Bacteria","Actinobacteriota","Acidimicrobiia","Microtrichales","Ilumatobacteraceae","Ilumatobacter",4.147,0.0006895,0.007666,"Enriched in Sample","Genus: Ilumatobacter",0.142298869845937,70,86,70,86
"Patinella_verrucaria","2bbe9ffa11b7f8f8f39949efd572622e","Bacteria","Actinobacteriota","Acidimicrobiia","Microtrichales","Ilumatobacteraceae","Ilumatobacter",4.147,0.0006895,0.007666,"Enriched in Sample","Genus: Ilumatobacter",0.142298869845937,70,86,70,86
"Patinella_verrucaria","dc0c1382289972508f62c1eb392febda","Bacteria","Proteobacteria","Alphaproteobacteria",NA,NA,NA,3.899,0.001207,0.01237,"Enriched in Sample","Class: Alphaproteobacteria",1.6822171039206,998,10,998,10
"Patinella_verrucaria","dc0c1382289972508f62c1eb392febda","Bacteria","Proteobacteria","Alphaproteobacteria",NA,NA,NA,3.899,0.001207,0.01237,"Enriched in Sample","Class: Alphaproteobacteria",1.6822171039206,998,10,998,10
"Patinella_verrucaria","dc0c1382289972508f62c1eb392febda","Bacteria","Proteobacteria","Alphaproteobacteria",NA,NA,NA,3.899,0.001207,0.01237,"Enriched in Sample","Class: Alphaproteobacteria",1.6822171039206,998,10,998,10
"Patinella_verrucaria","dc0c1382289972508f62c1eb392febda","Bacteria","Proteobacteria","Alphaproteobacteria",NA,NA,NA,3.899,0.001207,0.01237,"Enriched in Sample","Class: Alphaproteobacteria",1.6822171039206,998,10,998,10
"Patinella_verrucaria","0cc9c55d721f5f3d43ec8bc2fe132d0e","Bacteria","Proteobacteria","Gammaproteobacteria","Cellvibrionales","Halieaceae","Marimicrobium",3.838,3.654e-05,0.0005575,"Enriched in Sample","Genus: Marimicrobium",0.417713864736848,250,36,250,36
"Patinella_verrucaria","0cc9c55d721f5f3d43ec8bc2fe132d0e","Bacteria","Proteobacteria","Gammaproteobacteria","Cellvibrionales","Halieaceae","Marimicrobium",3.838,3.654e-05,0.0005575,"Enriched in Sample","Genus: Marimicrobium",0.417713864736848,250,36,250,36
"Patinella_verrucaria","c30cad9fcfd8f81ab1ad5e4fd7791450","Bacteria","Bacteroidota","Bacteroidia","Cytophagales","Cyclobacteriaceae",NA,3.641,0.00185,0.01734,"Enriched in Sample","Family: Cyclobacteriaceae",0.111145318277096,60.6666666666667,95,60.6666666666667,95
"Patinella_verrucaria","c30cad9fcfd8f81ab1ad5e4fd7791450","Bacteria","Bacteroidota","Bacteroidia","Cytophagales","Cyclobacteriaceae",NA,3.641,0.00185,0.01734,"Enriched in Sample","Family: Cyclobacteriaceae",0.111145318277096,60.6666666666667,95,60.6666666666667,95
"Patinella_verrucaria","c30cad9fcfd8f81ab1ad5e4fd7791450","Bacteria","Bacteroidota","Bacteroidia","Cytophagales","Cyclobacteriaceae",NA,3.641,0.00185,0.01734,"Enriched in Sample","Family: Cyclobacteriaceae",0.111145318277096,60.6666666666667,95,60.6666666666667,95
"Patinella_verrucaria","c30cad9fcfd8f81ab1ad5e4fd7791450","Bacteria","Bacteroidota","Bacteroidia","Cytophagales","Cyclobacteriaceae",NA,3.641,0.00185,0.01734,"Enriched in Sample","Family: Cyclobacteriaceae",0.111145318277096,60.6666666666667,95,60.6666666666667,95
"Patinella_verrucaria","8cff7bc3fb5f7586f26e4837583cb108","Bacteria","Proteobacteria","Gammaproteobacteria","Cellvibrionales","Halieaceae","OM60(NOR5)_clade",3.484,0.000288,0.003499,"Enriched in Sample","Genus: OM60(NOR5)_clade",0.542764888958464,321.333333333333,29,321.333333333333,29
"Patinella_verrucaria","8cff7bc3fb5f7586f26e4837583cb108","Bacteria","Proteobacteria","Gammaproteobacteria","Cellvibrionales","Halieaceae","OM60(NOR5)_clade",3.484,0.000288,0.003499,"Enriched in Sample","Genus: OM60(NOR5)_clade",0.542764888958464,321.333333333333,29,321.333333333333,29
"Patinella_verrucaria","c8487b182705eaad35c8578b81969d20","Bacteria","Proteobacteria","Alphaproteobacteria","Rhodobacterales","Rhodobacteraceae",NA,3.331,0.002782,0.02401,"Enriched in Sample","Family: Rhodobacteraceae",0.213895786350376,132.333333333333,56,132.333333333333,56
"Patinella_verrucaria","c8487b182705eaad35c8578b81969d20","Bacteria","Proteobacteria","Alphaproteobacteria","Rhodobacterales","Rhodobacteraceae",NA,3.331,0.002782,0.02401,"Enriched in Sample","Family: Rhodobacteraceae",0.213895786350376,132.333333333333,56,132.333333333333,56
"Patinella_verrucaria","c8487b182705eaad35c8578b81969d20","Bacteria","Proteobacteria","Alphaproteobacteria","Rhodobacterales","Rhodobacteraceae",NA,3.331,0.002782,0.02401,"Enriched in Sample","Family: Rhodobacteraceae",0.213895786350376,132.333333333333,56,132.333333333333,56
"Patinella_verrucaria","c8487b182705eaad35c8578b81969d20","Bacteria","Proteobacteria","Alphaproteobacteria","Rhodobacterales","Rhodobacteraceae",NA,3.331,0.002782,0.02401,"Enriched in Sample","Family: Rhodobacteraceae",0.213895786350376,132.333333333333,56,132.333333333333,56
"Patinella_verrucaria","58c4c519152238addd28ad789a0e3adc","Bacteria","Bacteroidota","Bacteroidia","Flavobacteriales","Flavobacteriaceae",NA,3.297,0.0001031,0.001409,"Enriched in Sample","Family: Flavobacteriaceae",0.985546126503562,643.666666666667,14,643.666666666667,14
"Patinella_verrucaria","58c4c519152238addd28ad789a0e3adc","Bacteria","Bacteroidota","Bacteroidia","Flavobacteriales","Flavobacteriaceae",NA,3.297,0.0001031,0.001409,"Enriched in Sample","Family: Flavobacteriaceae",0.985546126503562,643.666666666667,14,643.666666666667,14
"Patinella_verrucaria","3e654b6a2f5c3f012508e5170d99c6e7","Bacteria","Proteobacteria","Alphaproteobacteria","Rhizobiales",NA,NA,2.88,9.607e-06,0.000191,"Enriched in Sample","Order: Rhizobiales",0.772773994211239,439.666666666667,20,439.666666666667,20
"Patinella_verrucaria","3e654b6a2f5c3f012508e5170d99c6e7","Bacteria","Proteobacteria","Alphaproteobacteria","Rhizobiales",NA,NA,2.88,9.607e-06,0.000191,"Enriched in Sample","Order: Rhizobiales",0.772773994211239,439.666666666667,20,439.666666666667,20
"Patinella_verrucaria","450b0f9dbaf395de258b2b6c62a5f5aa","Bacteria","Proteobacteria","Alphaproteobacteria",NA,NA,NA,2.328,5.845e-05,0.0008521,"Enriched in Sample","Class: Alphaproteobacteria",0.247072307140118,129.333333333333,57,129.333333333333,57
"Patinella_verrucaria","450b0f9dbaf395de258b2b6c62a5f5aa","Bacteria","Proteobacteria","Alphaproteobacteria",NA,NA,NA,2.328,5.845e-05,0.0008521,"Enriched in Sample","Class: Alphaproteobacteria",0.247072307140118,129.333333333333,57,129.333333333333,57
"Patinella_verrucaria","61ed6ce1622d7abc236fcb34e383b9df","Bacteria","Proteobacteria","Alphaproteobacteria",NA,NA,NA,2.141,0.0001665,0.002142,"Enriched in Sample","Class: Alphaproteobacteria",0.0655117959314556,39.6666666666667,127,39.6666666666667,127
"Patinella_verrucaria","61ed6ce1622d7abc236fcb34e383b9df","Bacteria","Proteobacteria","Alphaproteobacteria",NA,NA,NA,2.141,0.0001665,0.002142,"Enriched in Sample","Class: Alphaproteobacteria",0.0655117959314556,39.6666666666667,127,39.6666666666667,127
"Patinella_verrucaria","c0cbc7be02ab7ab71ae694861accc33d","Bacteria","Proteobacteria","Alphaproteobacteria","Rhodobacterales","Rhodobacteraceae","Sulfitobacter",2.055,0.001361,0.01352,"Enriched in Sample","Genus: Sulfitobacter",0.234485434198641,120,62,120,62
"Patinella_verrucaria","c0cbc7be02ab7ab71ae694861accc33d","Bacteria","Proteobacteria","Alphaproteobacteria","Rhodobacterales","Rhodobacteraceae","Sulfitobacter",2.055,0.001361,0.01352,"Enriched in Sample","Genus: Sulfitobacter",0.234485434198641,120,62,120,62
"Patinella_verrucaria","c0cbc7be02ab7ab71ae694861accc33d","Bacteria","Proteobacteria","Alphaproteobacteria","Rhodobacterales","Rhodobacteraceae","Sulfitobacter",2.055,0.001361,0.01352,"Enriched in Sample","Genus: Sulfitobacter",0.234485434198641,120,62,120,62
"Patinella_verrucaria","c0cbc7be02ab7ab71ae694861accc33d","Bacteria","Proteobacteria","Alphaproteobacteria","Rhodobacterales","Rhodobacteraceae","Sulfitobacter",2.055,0.001361,0.01352,"Enriched in Sample","Genus: Sulfitobacter",0.234485434198641,120,62,120,62
"Patinella_verrucaria","8bc8a577f444654080e1cbbcbf3624df","Bacteria","Proteobacteria","Gammaproteobacteria","Cellvibrionales","Cellvibrionaceae",NA,1.998,0.001339,0.01352,"Enriched in Sample","Family: Cellvibrionaceae",0.107688807773306,52.3333333333333,103,52.3333333333333,103
"Patinella_verrucaria","8bc8a577f444654080e1cbbcbf3624df","Bacteria","Proteobacteria","Gammaproteobacteria","Cellvibrionales","Cellvibrionaceae",NA,1.998,0.001339,0.01352,"Enriched in Sample","Family: Cellvibrionaceae",0.107688807773306,52.3333333333333,103,52.3333333333333,103
"Patinella_verrucaria","dd4288754e567d2598eb7d479a0c1051","Bacteria","Planctomycetota","Planctomycetes","Planctomycetales","Gimesiaceae","Gimesia",1.953,2.361e-05,0.0003687,"Enriched in Sample","Genus: Gimesia",0.163639368862755,98.3333333333333,73,98.3333333333333,73
"Patinella_verrucaria","dd4288754e567d2598eb7d479a0c1051","Bacteria","Planctomycetota","Planctomycetes","Planctomycetales","Gimesiaceae","Gimesia",1.953,2.361e-05,0.0003687,"Enriched in Sample","Genus: Gimesia",0.163639368862755,98.3333333333333,73,98.3333333333333,73
"Patinella_verrucaria","dd4288754e567d2598eb7d479a0c1051","Bacteria","Planctomycetota","Planctomycetes","Planctomycetales","Gimesiaceae","Gimesia",1.953,2.361e-05,0.0003687,"Enriched in Sample","Genus: Gimesia",0.163639368862755,98.3333333333333,73,98.3333333333333,73
"Patinella_verrucaria","dd4288754e567d2598eb7d479a0c1051","Bacteria","Planctomycetota","Planctomycetes","Planctomycetales","Gimesiaceae","Gimesia",1.953,2.361e-05,0.0003687,"Enriched in Sample","Genus: Gimesia",0.163639368862755,98.3333333333333,73,98.3333333333333,73
"Patinella_verrucaria","2b72428ebbcbfc529a8aecf2ea37157c","Bacteria","Actinobacteriota","Actinobacteria","PeM15","PeM15","PeM15",1.897,1.687e-05,0.0002991,"Enriched in Sample","Genus: PeM15",0.0169256831993213,9.33333333333333,283,9.33333333333333,283
"Patinella_verrucaria","2b72428ebbcbfc529a8aecf2ea37157c","Bacteria","Actinobacteriota","Actinobacteria","PeM15","PeM15","PeM15",1.897,1.687e-05,0.0002991,"Enriched in Sample","Genus: PeM15",0.0169256831993213,9.33333333333333,283,9.33333333333333,283
"Patinella_verrucaria","c3ff5c573fb0e919a4b6e39d5db06dd8","Bacteria","Proteobacteria","Alphaproteobacteria","SAR11_clade",NA,NA,1.757,4.377e-06,0.0001025,"Enriched in Sample","Order: SAR11_clade",0.0437910966842837,24,168,24,168
"Patinella_verrucaria","c3ff5c573fb0e919a4b6e39d5db06dd8","Bacteria","Proteobacteria","Alphaproteobacteria","SAR11_clade",NA,NA,1.757,4.377e-06,0.0001025,"Enriched in Sample","Order: SAR11_clade",0.0437910966842837,24,168,24,168
"Patinella_verrucaria","c3ff5c573fb0e919a4b6e39d5db06dd8","Bacteria","Proteobacteria","Alphaproteobacteria","SAR11_clade",NA,NA,1.757,4.377e-06,0.0001025,"Enriched in Sample","Order: SAR11_clade",0.0437910966842837,24,168,24,168
"Patinella_verrucaria","c3ff5c573fb0e919a4b6e39d5db06dd8","Bacteria","Proteobacteria","Alphaproteobacteria","SAR11_clade",NA,NA,1.757,4.377e-06,0.0001025,"Enriched in Sample","Order: SAR11_clade",0.0437910966842837,24,168,24,168
"Patinella_verrucaria","382df3e0baaef58683f1815a6dd0082f","Bacteria","Planctomycetota","Planctomycetes","Isosphaerales","Isosphaeraceae",NA,1.741,0.0002012,0.00249,"Enriched in Sample","Family: Isosphaeraceae",0.0369216783715512,23.6666666666667,173,23.6666666666667,173
"Patinella_verrucaria","382df3e0baaef58683f1815a6dd0082f","Bacteria","Planctomycetota","Planctomycetes","Isosphaerales","Isosphaeraceae",NA,1.741,0.0002012,0.00249,"Enriched in Sample","Family: Isosphaeraceae",0.0369216783715512,23.6666666666667,173,23.6666666666667,173
"Patinella_verrucaria","ac4ac274d280050de041eaa56cbe3c92","Bacteria","Planctomycetota","Planctomycetes","Pirellulales","Pirellulaceae","Blastopirellula",1.74,4.258e-06,0.0001025,"Enriched in Sample","Genus: Blastopirellula",0.0670575282441839,38,135,38,135
"Patinella_verrucaria","ac4ac274d280050de041eaa56cbe3c92","Bacteria","Planctomycetota","Planctomycetes","Pirellulales","Pirellulaceae","Blastopirellula",1.74,4.258e-06,0.0001025,"Enriched in Sample","Genus: Blastopirellula",0.0670575282441839,38,135,38,135
"Patinella_verrucaria","ac4ac274d280050de041eaa56cbe3c92","Bacteria","Planctomycetota","Planctomycetes","Pirellulales","Pirellulaceae","Blastopirellula",1.74,4.258e-06,0.0001025,"Enriched in Sample","Genus: Blastopirellula",0.0670575282441839,38,135,38,135
"Patinella_verrucaria","ac4ac274d280050de041eaa56cbe3c92","Bacteria","Planctomycetota","Planctomycetes","Pirellulales","Pirellulaceae","Blastopirellula",1.74,4.258e-06,0.0001025,"Enriched in Sample","Genus: Blastopirellula",0.0670575282441839,38,135,38,135
"Patinella_verrucaria","51072144763d6f2480df1cad15babda4","Bacteria","Proteobacteria","Alphaproteobacteria","Rhodobacterales","Rhodobacteraceae","Octadecabacter",1.739,3.773e-06,9.899e-05,"Enriched in Sample","Genus: Octadecabacter",0.111568828076236,61.3333333333333,92,61.3333333333333,92
"Patinella_verrucaria","51072144763d6f2480df1cad15babda4","Bacteria","Proteobacteria","Alphaproteobacteria","Rhodobacterales","Rhodobacteraceae","Octadecabacter",1.739,3.773e-06,9.899e-05,"Enriched in Sample","Genus: Octadecabacter",0.111568828076236,61.3333333333333,92,61.3333333333333,92
"Patinella_verrucaria","cff90739aec43855cf9b4c0c5a7fb2b1","Eukaryota",NA,NA,NA,NA,NA,1.7,3.934e-05,0.0005865,"Enriched in Sample","Kingdom: Eukaryota",0.0118783874250055,7.33333333333333,309,7.33333333333333,309
"Patinella_verrucaria","cff90739aec43855cf9b4c0c5a7fb2b1","Eukaryota",NA,NA,NA,NA,NA,1.7,3.934e-05,0.0005865,"Enriched in Sample","Kingdom: Eukaryota",0.0118783874250055,7.33333333333333,309,7.33333333333333,309
"Patinella_verrucaria","cff90739aec43855cf9b4c0c5a7fb2b1","Eukaryota",NA,NA,NA,NA,NA,1.7,3.934e-05,0.0005865,"Enriched in Sample","Kingdom: Eukaryota",0.0118783874250055,7.33333333333333,309,7.33333333333333,309
"Patinella_verrucaria","cff90739aec43855cf9b4c0c5a7fb2b1","Eukaryota",NA,NA,NA,NA,NA,1.7,3.934e-05,0.0005865,"Enriched in Sample","Kingdom: Eukaryota",0.0118783874250055,7.33333333333333,309,7.33333333333333,309
"Patinella_verrucaria","5234d703355574c2c5651a4064ff536f","Bacteria","Proteobacteria","Alphaproteobacteria","Rhodobacterales","Rhodobacteraceae",NA,1.695,0.0004734,0.005546,"Enriched in Sample","Family: Rhodobacteraceae",0.180531207688035,116.333333333333,65,116.333333333333,65
"Patinella_verrucaria","5234d703355574c2c5651a4064ff536f","Bacteria","Proteobacteria","Alphaproteobacteria","Rhodobacterales","Rhodobacteraceae",NA,1.695,0.0004734,0.005546,"Enriched in Sample","Family: Rhodobacteraceae",0.180531207688035,116.333333333333,65,116.333333333333,65
"Patinella_verrucaria","9910b78ecfcab8367a1b3ae162fb4cee","Bacteria","Planctomycetota","Planctomycetes","Isosphaerales","Isosphaeraceae",NA,1.619,1.965e-06,5.605e-05,"Enriched in Sample","Family: Isosphaeraceae",0.0261083668128889,16,218,16,218
"Patinella_verrucaria","9910b78ecfcab8367a1b3ae162fb4cee","Bacteria","Planctomycetota","Planctomycetes","Isosphaerales","Isosphaeraceae",NA,1.619,1.965e-06,5.605e-05,"Enriched in Sample","Family: Isosphaeraceae",0.0261083668128889,16,218,16,218
"Patinella_verrucaria","1263b941de1a0c2fb61d10f6b7e273da","Bacteria","Bacteroidota","Bacteroidia","Flavobacteriales","Flavobacteriaceae",NA,1.619,0.007937,0.04345,"Enriched in Sample","Family: Flavobacteriaceae",0.0202198066720592,11.3333333333333,257,11.3333333333333,257
"Patinella_verrucaria","1263b941de1a0c2fb61d10f6b7e273da","Bacteria","Bacteroidota","Bacteroidia","Flavobacteriales","Flavobacteriaceae",NA,1.619,0.007937,0.04345,"Enriched in Sample","Family: Flavobacteriaceae",0.0202198066720592,11.3333333333333,257,11.3333333333333,257
"Patinella_verrucaria","8c98595b50153db05b95a7c15b260525","Bacteria","Verrucomicrobiota","Verrucomicrobiae","Verrucomicrobiales","Rubritaleaceae","Persicirhabdus",1.509,9.971e-07,3.634e-05,"Enriched in Sample","Genus: Persicirhabdus",0.109643283046313,60.3333333333333,96,60.3333333333333,96
"Patinella_verrucaria","8c98595b50153db05b95a7c15b260525","Bacteria","Verrucomicrobiota","Verrucomicrobiae","Verrucomicrobiales","Rubritaleaceae","Persicirhabdus",1.509,9.971e-07,3.634e-05,"Enriched in Sample","Genus: Persicirhabdus",0.109643283046313,60.3333333333333,96,60.3333333333333,96
"Rhamphostomella_bilaminata","811b45d386b7b6dd81665a0bac6761d6","Bacteria","Proteobacteria","Gammaproteobacteria",NA,NA,NA,4.846,0.0001233,0.008048,"Enriched in Sample","Class: Gammaproteobacteria",5.82126540706611,2624.66666666667,2,2624.66666666667,2
"Rhamphostomella_bilaminata","811b45d386b7b6dd81665a0bac6761d6","Bacteria","Proteobacteria","Gammaproteobacteria",NA,NA,NA,4.846,0.0001233,0.008048,"Enriched in Sample","Class: Gammaproteobacteria",5.82126540706611,2624.66666666667,2,2624.66666666667,2
"Rhamphostomella_bilaminata","e6801e54dd3a2654fc19dab0af47c35c","Bacteria","Proteobacteria","Alphaproteobacteria","Rhizobiales","Rhizobiaceae",NA,4.486,1.577e-09,6.383e-07,"Enriched in Sample","Family: Rhizobiaceae",2.55382682817368,1238.88888888889,5,1238.88888888889,5
"Rhamphostomella_bilaminata","e6801e54dd3a2654fc19dab0af47c35c","Bacteria","Proteobacteria","Alphaproteobacteria","Rhizobiales","Rhizobiaceae",NA,4.486,1.577e-09,6.383e-07,"Enriched in Sample","Family: Rhizobiaceae",2.55382682817368,1238.88888888889,5,1238.88888888889,5
"Rhamphostomella_bilaminata","e6801e54dd3a2654fc19dab0af47c35c","Bacteria","Proteobacteria","Alphaproteobacteria","Rhizobiales","Rhizobiaceae",NA,4.486,1.577e-09,6.383e-07,"Enriched in Sample","Family: Rhizobiaceae",2.55382682817368,1238.88888888889,5,1238.88888888889,5
"Rhamphostomella_bilaminata","e6801e54dd3a2654fc19dab0af47c35c","Bacteria","Proteobacteria","Alphaproteobacteria","Rhizobiales","Rhizobiaceae",NA,4.486,1.577e-09,6.383e-07,"Enriched in Sample","Family: Rhizobiaceae",2.55382682817368,1238.88888888889,5,1238.88888888889,5
"Rhamphostomella_bilaminata","9c872286b28ea46be348ce877c3c656d","Bacteria","Proteobacteria","Alphaproteobacteria","Sphingomonadales","Sphingomonadaceae","Sphingorhabdus",4.485,4.604e-09,1.397e-06,"Enriched in Sample","Genus: Sphingorhabdus",1.24027114760914,598.444444444444,9,598.444444444444,9
"Rhamphostomella_bilaminata","9c872286b28ea46be348ce877c3c656d","Bacteria","Proteobacteria","Alphaproteobacteria","Sphingomonadales","Sphingomonadaceae","Sphingorhabdus",4.485,4.604e-09,1.397e-06,"Enriched in Sample","Genus: Sphingorhabdus",1.24027114760914,598.444444444444,9,598.444444444444,9
"Rhamphostomella_bilaminata","c50b0835bf381d4453071f135ed88b39","Bacteria","Proteobacteria","Gammaproteobacteria","Burkholderiales","Methylophilaceae","Methylotenera",4.146,6.736e-10,3.271e-07,"Enriched in Sample","Genus: Methylotenera",0.606651195453592,280.333333333333,22,280.333333333333,22
"Rhamphostomella_bilaminata","c50b0835bf381d4453071f135ed88b39","Bacteria","Proteobacteria","Gammaproteobacteria","Burkholderiales","Methylophilaceae","Methylotenera",4.146,6.736e-10,3.271e-07,"Enriched in Sample","Genus: Methylotenera",0.606651195453592,280.333333333333,22,280.333333333333,22
"Rhamphostomella_bilaminata","c50b0835bf381d4453071f135ed88b39","Bacteria","Proteobacteria","Gammaproteobacteria","Burkholderiales","Methylophilaceae","Methylotenera",4.146,6.736e-10,3.271e-07,"Enriched in Sample","Genus: Methylotenera",0.606651195453592,280.333333333333,22,280.333333333333,22
"Rhamphostomella_bilaminata","c50b0835bf381d4453071f135ed88b39","Bacteria","Proteobacteria","Gammaproteobacteria","Burkholderiales","Methylophilaceae","Methylotenera",4.146,6.736e-10,3.271e-07,"Enriched in Sample","Genus: Methylotenera",0.606651195453592,280.333333333333,22,280.333333333333,22
"Rhamphostomella_bilaminata","36fa32bf1591f6e26e457bdd4c882661","Bacteria","Proteobacteria","Alphaproteobacteria","Sneathiellales","Sneathiellaceae","Sneathiella",3.913,4.345e-05,0.003297,"Enriched in Sample","Genus: Sneathiella",0.371974074645116,214.111111111111,32,214.111111111111,32
"Rhamphostomella_bilaminata","36fa32bf1591f6e26e457bdd4c882661","Bacteria","Proteobacteria","Alphaproteobacteria","Sneathiellales","Sneathiellaceae","Sneathiella",3.913,4.345e-05,0.003297,"Enriched in Sample","Genus: Sneathiella",0.371974074645116,214.111111111111,32,214.111111111111,32
"Rhamphostomella_bilaminata","44cc17826fd7cbbd611d6ba70982a3e9","Bacteria","Proteobacteria","Gammaproteobacteria","Cellvibrionales","Cellvibrionaceae","Candidatus_Endobugula",3.645,2.168e-05,0.002086,"Enriched in Sample","Genus: Candidatus_Endobugula",0.495734150049366,279.444444444444,23,279.444444444444,23
"Rhamphostomella_bilaminata","44cc17826fd7cbbd611d6ba70982a3e9","Bacteria","Proteobacteria","Gammaproteobacteria","Cellvibrionales","Cellvibrionaceae","Candidatus_Endobugula",3.645,2.168e-05,0.002086,"Enriched in Sample","Genus: Candidatus_Endobugula",0.495734150049366,279.444444444444,23,279.444444444444,23
"Rhamphostomella_bilaminata","10821628e3e458fde4ded1a39c3926af","Bacteria","Verrucomicrobiota","Lentisphaeria","Lentisphaerales","Lentisphaeraceae","Lentisphaera",3.568,9.004e-06,0.000978,"Enriched in Sample","Genus: Lentisphaera",0.10285248222292,48.1111111111111,134,48.1111111111111,134
"Rhamphostomella_bilaminata","10821628e3e458fde4ded1a39c3926af","Bacteria","Verrucomicrobiota","Lentisphaeria","Lentisphaerales","Lentisphaeraceae","Lentisphaera",3.568,9.004e-06,0.000978,"Enriched in Sample","Genus: Lentisphaera",0.10285248222292,48.1111111111111,134,48.1111111111111,134
"Rhamphostomella_bilaminata","54bc24af2573a5765ab4ee324d1d63be","Bacteria","Proteobacteria","Alphaproteobacteria","Rhodobacterales","Rhodobacteraceae",NA,2.556,0.0004743,0.0245,"Enriched in Sample","Family: Rhodobacteraceae",0.144537650048268,69.2222222222222,99,69.2222222222222,99
"Rhamphostomella_bilaminata","54bc24af2573a5765ab4ee324d1d63be","Bacteria","Proteobacteria","Alphaproteobacteria","Rhodobacterales","Rhodobacteraceae",NA,2.556,0.0004743,0.0245,"Enriched in Sample","Family: Rhodobacteraceae",0.144537650048268,69.2222222222222,99,69.2222222222222,99
"Rhamphostomella_bilaminata","c39fd6fc4661167fed13f8f1f43e9966","Bacteria","Actinobacteriota","Acidimicrobiia","Microtrichales","Microtrichaceae","Sva0996_marine_group",2.491,0.0002812,0.01552,"Enriched in Sample","Genus: Sva0996_marine_group",0.399769409450513,198.666666666667,34,198.666666666667,34
"Rhamphostomella_bilaminata","c39fd6fc4661167fed13f8f1f43e9966","Bacteria","Actinobacteriota","Acidimicrobiia","Microtrichales","Microtrichaceae","Sva0996_marine_group",2.491,0.0002812,0.01552,"Enriched in Sample","Genus: Sva0996_marine_group",0.399769409450513,198.666666666667,34,198.666666666667,34
"Rhamphostomella_bilaminata","c39fd6fc4661167fed13f8f1f43e9966","Bacteria","Actinobacteriota","Acidimicrobiia","Microtrichales","Microtrichaceae","Sva0996_marine_group",2.491,0.0002812,0.01552,"Enriched in Sample","Genus: Sva0996_marine_group",0.399769409450513,198.666666666667,34,198.666666666667,34
"Rhamphostomella_bilaminata","c39fd6fc4661167fed13f8f1f43e9966","Bacteria","Actinobacteriota","Acidimicrobiia","Microtrichales","Microtrichaceae","Sva0996_marine_group",2.491,0.0002812,0.01552,"Enriched in Sample","Genus: Sva0996_marine_group",0.399769409450513,198.666666666667,34,198.666666666667,34
"Rhamphostomella_bilaminata","450b0f9dbaf395de258b2b6c62a5f5aa","Bacteria","Proteobacteria","Alphaproteobacteria",NA,NA,NA,2.413,0.0001083,0.007511,"Enriched in Sample","Class: Alphaproteobacteria",0.0297219299536551,13.6666666666667,397,13.6666666666667,397
"Rhamphostomella_bilaminata","450b0f9dbaf395de258b2b6c62a5f5aa","Bacteria","Proteobacteria","Alphaproteobacteria",NA,NA,NA,2.413,0.0001083,0.007511,"Enriched in Sample","Class: Alphaproteobacteria",0.0297219299536551,13.6666666666667,397,13.6666666666667,397
"Rhamphostomella_bilaminata","2d1a60b2982025a0959cff244436778b","Bacteria","Actinobacteriota","Acidimicrobiia","Microtrichales","Microtrichaceae","Sva0996_marine_group",2.374,0.0002993,0.01615,"Enriched in Sample","Genus: Sva0996_marine_group",0.170606333576576,75.8888888888889,91,75.8888888888889,91
"Rhamphostomella_bilaminata","2d1a60b2982025a0959cff244436778b","Bacteria","Actinobacteriota","Acidimicrobiia","Microtrichales","Microtrichaceae","Sva0996_marine_group",2.374,0.0002993,0.01615,"Enriched in Sample","Genus: Sva0996_marine_group",0.170606333576576,75.8888888888889,91,75.8888888888889,91
"Rhamphostomella_bilaminata","2a75921d722ef2e9c11a55f7655f5fb1","Bacteria","Proteobacteria","Gammaproteobacteria","Oceanospirillales","Kangiellaceae",NA,2.216,0.0007826,0.03801,"Enriched in Sample","Family: Kangiellaceae",2.41956157531264,1279.77777777778,4,1279.77777777778,4
"Rhamphostomella_bilaminata","2a75921d722ef2e9c11a55f7655f5fb1","Bacteria","Proteobacteria","Gammaproteobacteria","Oceanospirillales","Kangiellaceae",NA,2.216,0.0007826,0.03801,"Enriched in Sample","Family: Kangiellaceae",2.41956157531264,1279.77777777778,4,1279.77777777778,4
