"Species","ASV","BestName","log2FC","FDR_q_value","Mean_abund_host"
"Aquiloniella_scabra","9be493e9aea5ea556ea35a3ff8fc61c8","Genus: Candidatus_Endobugula",8.056,4.668e-05,14.5803688444955
"Aquiloniella_scabra","9be493e9aea5ea556ea35a3ff8fc61c8","Genus: Candidatus_Endobugula",8.056,4.668e-05,14.5803688444955
"Aquiloniella_scabra","450b0f9dbaf395de258b2b6c62a5f5aa","Class: Alphaproteobacteria",4.121,0.0158,0.0738321275665753
"Aquiloniella_scabra","450b0f9dbaf395de258b2b6c62a5f5aa","Class: Alphaproteobacteria",4.121,0.0158,0.0738321275665753
"Aquiloniella_scabra","417b908efc21728c97947e2319527752","Genus: Flavicella",3.812,0.000449,0.128925883727494
"Aquiloniella_scabra","417b908efc21728c97947e2319527752","Genus: Flavicella",3.812,0.000449,0.128925883727494
"Aquiloniella_scabra","87840ae42f96525d12342d1c69d1461c","Family: Rhodobacteraceae",3.4,0.01644,0.249701996958119
"Aquiloniella_scabra","87840ae42f96525d12342d1c69d1461c","Family: Rhodobacteraceae",3.4,0.01644,0.249701996958119
"Aquiloniella_scabra","9c872286b28ea46be348ce877c3c656d","Genus: Sphingorhabdus",3.06,0.016,0.809670268510119
"Aquiloniella_scabra","9c872286b28ea46be348ce877c3c656d","Genus: Sphingorhabdus",3.06,0.016,0.809670268510119
"Patinella_verrucaria","1a04461b51bc23b48c24529fbdb95d2b","Genus: Sulfitobacter",8.278,5.087e-07,21.3572601974852
"Patinella_verrucaria","1a04461b51bc23b48c24529fbdb95d2b","Genus: Sulfitobacter",8.278,5.087e-07,21.3572601974852
"Patinella_verrucaria","a634a2821a34209d91ff6a23afaf0749","Genus: Yoonia-Loktanella",7.303,9.572e-09,6.83077228854631
"Patinella_verrucaria","a634a2821a34209d91ff6a23afaf0749","Genus: Yoonia-Loktanella",7.303,9.572e-09,6.83077228854631
"Patinella_verrucaria","a634a2821a34209d91ff6a23afaf0749","Genus: Yoonia-Loktanella",7.303,9.572e-09,6.83077228854631
"Patinella_verrucaria","a634a2821a34209d91ff6a23afaf0749","Genus: Yoonia-Loktanella",7.303,9.572e-09,6.83077228854631
"Patinella_verrucaria","db30bfa14b0cd36a31d9d1bd5aae464f","Genus: Anderseniella",5.902,4.516e-07,0.347905638355933
"Patinella_verrucaria","db30bfa14b0cd36a31d9d1bd5aae464f","Genus: Anderseniella",5.902,4.516e-07,0.347905638355933
"Patinella_verrucaria","db30bfa14b0cd36a31d9d1bd5aae464f","Genus: Anderseniella",5.902,4.516e-07,0.347905638355933
"Patinella_verrucaria","db30bfa14b0cd36a31d9d1bd5aae464f","Genus: Anderseniella",5.902,4.516e-07,0.347905638355933
"Patinella_verrucaria","a30387bf30a75f6ab45d6e8ba3082804","Class: Alphaproteobacteria",5.693,0.0002423,0.248917187003202
"Patinella_verrucaria","a30387bf30a75f6ab45d6e8ba3082804","Class: Alphaproteobacteria",5.693,0.0002423,0.248917187003202
"Patinella_verrucaria","a30387bf30a75f6ab45d6e8ba3082804","Class: Alphaproteobacteria",5.693,0.0002423,0.248917187003202
"Patinella_verrucaria","a30387bf30a75f6ab45d6e8ba3082804","Class: Alphaproteobacteria",5.693,0.0002423,0.248917187003202
"Patinella_verrucaria","bbaa49db59da4b9d9c05ca4a337866f3","Family: Rhodobacteraceae",5.332,0.03697,4.70970726427707
"Patinella_verrucaria","bbaa49db59da4b9d9c05ca4a337866f3","Family: Rhodobacteraceae",5.332,0.03697,4.70970726427707
"Patinella_verrucaria","bbaa49db59da4b9d9c05ca4a337866f3","Family: Rhodobacteraceae",5.332,0.03697,4.70970726427707
"Patinella_verrucaria","bbaa49db59da4b9d9c05ca4a337866f3","Family: Rhodobacteraceae",5.332,0.03697,4.70970726427707
"Patinella_verrucaria","54b2938845517c66a88daab1b15b06a8","Family: Devosiaceae",4.949,0.03382,0.493972125420102
"Patinella_verrucaria","54b2938845517c66a88daab1b15b06a8","Family: Devosiaceae",4.949,0.03382,0.493972125420102
"Patinella_verrucaria","c400bb9ef12cb34392453dd557713e2b","Genus: Blastopirellula",4.246,0.0003152,0.331445305543103
"Patinella_verrucaria","c400bb9ef12cb34392453dd557713e2b","Genus: Blastopirellula",4.246,0.0003152,0.331445305543103
"Patinella_verrucaria","c400bb9ef12cb34392453dd557713e2b","Genus: Blastopirellula",4.246,0.0003152,0.331445305543103
"Patinella_verrucaria","c400bb9ef12cb34392453dd557713e2b","Genus: Blastopirellula",4.246,0.0003152,0.331445305543103
"Patinella_verrucaria","2bbe9ffa11b7f8f8f39949efd572622e","Genus: Ilumatobacter",4.147,0.007666,0.142298869845937
"Patinella_verrucaria","2bbe9ffa11b7f8f8f39949efd572622e","Genus: Ilumatobacter",4.147,0.007666,0.142298869845937
"Patinella_verrucaria","dc0c1382289972508f62c1eb392febda","Class: Alphaproteobacteria",3.899,0.01237,1.6822171039206
"Patinella_verrucaria","dc0c1382289972508f62c1eb392febda","Class: Alphaproteobacteria",3.899,0.01237,1.6822171039206
"Patinella_verrucaria","dc0c1382289972508f62c1eb392febda","Class: Alphaproteobacteria",3.899,0.01237,1.6822171039206
"Patinella_verrucaria","dc0c1382289972508f62c1eb392febda","Class: Alphaproteobacteria",3.899,0.01237,1.6822171039206
"Patinella_verrucaria","0cc9c55d721f5f3d43ec8bc2fe132d0e","Genus: Marimicrobium",3.838,0.0005575,0.417713864736848
"Patinella_verrucaria","0cc9c55d721f5f3d43ec8bc2fe132d0e","Genus: Marimicrobium",3.838,0.0005575,0.417713864736848
"Patinella_verrucaria","c30cad9fcfd8f81ab1ad5e4fd7791450","Family: Cyclobacteriaceae",3.641,0.01734,0.111145318277096
"Patinella_verrucaria","c30cad9fcfd8f81ab1ad5e4fd7791450","Family: Cyclobacteriaceae",3.641,0.01734,0.111145318277096
"Patinella_verrucaria","c30cad9fcfd8f81ab1ad5e4fd7791450","Family: Cyclobacteriaceae",3.641,0.01734,0.111145318277096
"Patinella_verrucaria","c30cad9fcfd8f81ab1ad5e4fd7791450","Family: Cyclobacteriaceae",3.641,0.01734,0.111145318277096
"Patinella_verrucaria","8cff7bc3fb5f7586f26e4837583cb108","Genus: OM60(NOR5)_clade",3.484,0.003499,0.542764888958464
"Patinella_verrucaria","8cff7bc3fb5f7586f26e4837583cb108","Genus: OM60(NOR5)_clade",3.484,0.003499,0.542764888958464
"Patinella_verrucaria","c8487b182705eaad35c8578b81969d20","Family: Rhodobacteraceae",3.331,0.02401,0.213895786350376
"Patinella_verrucaria","c8487b182705eaad35c8578b81969d20","Family: Rhodobacteraceae",3.331,0.02401,0.213895786350376
"Patinella_verrucaria","c8487b182705eaad35c8578b81969d20","Family: Rhodobacteraceae",3.331,0.02401,0.213895786350376
"Patinella_verrucaria","c8487b182705eaad35c8578b81969d20","Family: Rhodobacteraceae",3.331,0.02401,0.213895786350376
"Patinella_verrucaria","58c4c519152238addd28ad789a0e3adc","Family: Flavobacteriaceae",3.297,0.001409,0.985546126503562
"Patinella_verrucaria","58c4c519152238addd28ad789a0e3adc","Family: Flavobacteriaceae",3.297,0.001409,0.985546126503562
"Patinella_verrucaria","3e654b6a2f5c3f012508e5170d99c6e7","Order: Rhizobiales",2.88,0.000191,0.772773994211239
"Patinella_verrucaria","3e654b6a2f5c3f012508e5170d99c6e7","Order: Rhizobiales",2.88,0.000191,0.772773994211239
"Patinella_verrucaria","450b0f9dbaf395de258b2b6c62a5f5aa","Class: Alphaproteobacteria",2.328,0.0008521,0.247072307140118
"Patinella_verrucaria","450b0f9dbaf395de258b2b6c62a5f5aa","Class: Alphaproteobacteria",2.328,0.0008521,0.247072307140118
"Patinella_verrucaria","61ed6ce1622d7abc236fcb34e383b9df","Class: Alphaproteobacteria",2.141,0.002142,0.0655117959314556
"Patinella_verrucaria","61ed6ce1622d7abc236fcb34e383b9df","Class: Alphaproteobacteria",2.141,0.002142,0.0655117959314556
"Patinella_verrucaria","c0cbc7be02ab7ab71ae694861accc33d","Genus: Sulfitobacter",2.055,0.01352,0.234485434198641
"Patinella_verrucaria","c0cbc7be02ab7ab71ae694861accc33d","Genus: Sulfitobacter",2.055,0.01352,0.234485434198641
"Patinella_verrucaria","c0cbc7be02ab7ab71ae694861accc33d","Genus: Sulfitobacter",2.055,0.01352,0.234485434198641
"Patinella_verrucaria","c0cbc7be02ab7ab71ae694861accc33d","Genus: Sulfitobacter",2.055,0.01352,0.234485434198641
"Patinella_verrucaria","8bc8a577f444654080e1cbbcbf3624df","Family: Cellvibrionaceae",1.998,0.01352,0.107688807773306
"Patinella_verrucaria","8bc8a577f444654080e1cbbcbf3624df","Family: Cellvibrionaceae",1.998,0.01352,0.107688807773306
"Patinella_verrucaria","dd4288754e567d2598eb7d479a0c1051","Genus: Gimesia",1.953,0.0003687,0.163639368862755
"Patinella_verrucaria","dd4288754e567d2598eb7d479a0c1051","Genus: Gimesia",1.953,0.0003687,0.163639368862755
"Patinella_verrucaria","dd4288754e567d2598eb7d479a0c1051","Genus: Gimesia",1.953,0.0003687,0.163639368862755
"Patinella_verrucaria","dd4288754e567d2598eb7d479a0c1051","Genus: Gimesia",1.953,0.0003687,0.163639368862755
"Patinella_verrucaria","2b72428ebbcbfc529a8aecf2ea37157c","Genus: PeM15",1.897,0.0002991,0.0169256831993213
"Patinella_verrucaria","2b72428ebbcbfc529a8aecf2ea37157c","Genus: PeM15",1.897,0.0002991,0.0169256831993213
"Patinella_verrucaria","c3ff5c573fb0e919a4b6e39d5db06dd8","Order: SAR11_clade",1.757,0.0001025,0.0437910966842837
"Patinella_verrucaria","c3ff5c573fb0e919a4b6e39d5db06dd8","Order: SAR11_clade",1.757,0.0001025,0.0437910966842837
"Patinella_verrucaria","c3ff5c573fb0e919a4b6e39d5db06dd8","Order: SAR11_clade",1.757,0.0001025,0.0437910966842837
"Patinella_verrucaria","c3ff5c573fb0e919a4b6e39d5db06dd8","Order: SAR11_clade",1.757,0.0001025,0.0437910966842837
"Patinella_verrucaria","382df3e0baaef58683f1815a6dd0082f","Family: Isosphaeraceae",1.741,0.00249,0.0369216783715512
"Patinella_verrucaria","382df3e0baaef58683f1815a6dd0082f","Family: Isosphaeraceae",1.741,0.00249,0.0369216783715512
"Patinella_verrucaria","ac4ac274d280050de041eaa56cbe3c92","Genus: Blastopirellula",1.74,0.0001025,0.0670575282441839
"Patinella_verrucaria","ac4ac274d280050de041eaa56cbe3c92","Genus: Blastopirellula",1.74,0.0001025,0.0670575282441839
"Patinella_verrucaria","ac4ac274d280050de041eaa56cbe3c92","Genus: Blastopirellula",1.74,0.0001025,0.0670575282441839
"Patinella_verrucaria","ac4ac274d280050de041eaa56cbe3c92","Genus: Blastopirellula",1.74,0.0001025,0.0670575282441839
"Patinella_verrucaria","51072144763d6f2480df1cad15babda4","Genus: Octadecabacter",1.739,9.899e-05,0.111568828076236
"Patinella_verrucaria","51072144763d6f2480df1cad15babda4","Genus: Octadecabacter",1.739,9.899e-05,0.111568828076236
"Patinella_verrucaria","cff90739aec43855cf9b4c0c5a7fb2b1","Kingdom: Eukaryota",1.7,0.0005865,0.0118783874250055
"Patinella_verrucaria","cff90739aec43855cf9b4c0c5a7fb2b1","Kingdom: Eukaryota",1.7,0.0005865,0.0118783874250055
"Patinella_verrucaria","cff90739aec43855cf9b4c0c5a7fb2b1","Kingdom: Eukaryota",1.7,0.0005865,0.0118783874250055
"Patinella_verrucaria","cff90739aec43855cf9b4c0c5a7fb2b1","Kingdom: Eukaryota",1.7,0.0005865,0.0118783874250055
"Patinella_verrucaria","5234d703355574c2c5651a4064ff536f","Family: Rhodobacteraceae",1.695,0.005546,0.180531207688035
"Patinella_verrucaria","5234d703355574c2c5651a4064ff536f","Family: Rhodobacteraceae",1.695,0.005546,0.180531207688035
"Patinella_verrucaria","9910b78ecfcab8367a1b3ae162fb4cee","Family: Isosphaeraceae",1.619,5.605e-05,0.0261083668128889
"Patinella_verrucaria","9910b78ecfcab8367a1b3ae162fb4cee","Family: Isosphaeraceae",1.619,5.605e-05,0.0261083668128889
"Patinella_verrucaria","1263b941de1a0c2fb61d10f6b7e273da","Family: Flavobacteriaceae",1.619,0.04345,0.0202198066720592
"Patinella_verrucaria","1263b941de1a0c2fb61d10f6b7e273da","Family: Flavobacteriaceae",1.619,0.04345,0.0202198066720592
"Patinella_verrucaria","8c98595b50153db05b95a7c15b260525","Genus: Persicirhabdus",1.509,3.634e-05,0.109643283046313
"Patinella_verrucaria","8c98595b50153db05b95a7c15b260525","Genus: Persicirhabdus",1.509,3.634e-05,0.109643283046313
"Rhamphostomella_bilaminata","811b45d386b7b6dd81665a0bac6761d6","Class: Gammaproteobacteria",4.846,0.008048,5.82126540706611
"Rhamphostomella_bilaminata","811b45d386b7b6dd81665a0bac6761d6","Class: Gammaproteobacteria",4.846,0.008048,5.82126540706611
"Rhamphostomella_bilaminata","e6801e54dd3a2654fc19dab0af47c35c","Family: Rhizobiaceae",4.486,6.383e-07,2.55382682817368
"Rhamphostomella_bilaminata","e6801e54dd3a2654fc19dab0af47c35c","Family: Rhizobiaceae",4.486,6.383e-07,2.55382682817368
"Rhamphostomella_bilaminata","e6801e54dd3a2654fc19dab0af47c35c","Family: Rhizobiaceae",4.486,6.383e-07,2.55382682817368
"Rhamphostomella_bilaminata","e6801e54dd3a2654fc19dab0af47c35c","Family: Rhizobiaceae",4.486,6.383e-07,2.55382682817368
"Rhamphostomella_bilaminata","9c872286b28ea46be348ce877c3c656d","Genus: Sphingorhabdus",4.485,1.397e-06,1.24027114760914
"Rhamphostomella_bilaminata","9c872286b28ea46be348ce877c3c656d","Genus: Sphingorhabdus",4.485,1.397e-06,1.24027114760914
"Rhamphostomella_bilaminata","c50b0835bf381d4453071f135ed88b39","Genus: Methylotenera",4.146,3.271e-07,0.606651195453592
"Rhamphostomella_bilaminata","c50b0835bf381d4453071f135ed88b39","Genus: Methylotenera",4.146,3.271e-07,0.606651195453592
"Rhamphostomella_bilaminata","c50b0835bf381d4453071f135ed88b39","Genus: Methylotenera",4.146,3.271e-07,0.606651195453592
"Rhamphostomella_bilaminata","c50b0835bf381d4453071f135ed88b39","Genus: Methylotenera",4.146,3.271e-07,0.606651195453592
"Rhamphostomella_bilaminata","36fa32bf1591f6e26e457bdd4c882661","Genus: Sneathiella",3.913,0.003297,0.371974074645116
"Rhamphostomella_bilaminata","36fa32bf1591f6e26e457bdd4c882661","Genus: Sneathiella",3.913,0.003297,0.371974074645116
"Rhamphostomella_bilaminata","44cc17826fd7cbbd611d6ba70982a3e9","Genus: Candidatus_Endobugula",3.645,0.002086,0.495734150049366
"Rhamphostomella_bilaminata","44cc17826fd7cbbd611d6ba70982a3e9","Genus: Candidatus_Endobugula",3.645,0.002086,0.495734150049366
"Rhamphostomella_bilaminata","10821628e3e458fde4ded1a39c3926af","Genus: Lentisphaera",3.568,0.000978,0.10285248222292
"Rhamphostomella_bilaminata","10821628e3e458fde4ded1a39c3926af","Genus: Lentisphaera",3.568,0.000978,0.10285248222292
"Rhamphostomella_bilaminata","54bc24af2573a5765ab4ee324d1d63be","Family: Rhodobacteraceae",2.556,0.0245,0.144537650048268
"Rhamphostomella_bilaminata","54bc24af2573a5765ab4ee324d1d63be","Family: Rhodobacteraceae",2.556,0.0245,0.144537650048268
"Rhamphostomella_bilaminata","c39fd6fc4661167fed13f8f1f43e9966","Genus: Sva0996_marine_group",2.491,0.01552,0.399769409450513
"Rhamphostomella_bilaminata","c39fd6fc4661167fed13f8f1f43e9966","Genus: Sva0996_marine_group",2.491,0.01552,0.399769409450513
"Rhamphostomella_bilaminata","c39fd6fc4661167fed13f8f1f43e9966","Genus: Sva0996_marine_group",2.491,0.01552,0.399769409450513
"Rhamphostomella_bilaminata","c39fd6fc4661167fed13f8f1f43e9966","Genus: Sva0996_marine_group",2.491,0.01552,0.399769409450513
"Rhamphostomella_bilaminata","450b0f9dbaf395de258b2b6c62a5f5aa","Class: Alphaproteobacteria",2.413,0.007511,0.0297219299536551
"Rhamphostomella_bilaminata","450b0f9dbaf395de258b2b6c62a5f5aa","Class: Alphaproteobacteria",2.413,0.007511,0.0297219299536551
"Rhamphostomella_bilaminata","2d1a60b2982025a0959cff244436778b","Genus: Sva0996_marine_group",2.374,0.01615,0.170606333576576
"Rhamphostomella_bilaminata","2d1a60b2982025a0959cff244436778b","Genus: Sva0996_marine_group",2.374,0.01615,0.170606333576576
"Rhamphostomella_bilaminata","2a75921d722ef2e9c11a55f7655f5fb1","Family: Kangiellaceae",2.216,0.03801,2.41956157531264
"Rhamphostomella_bilaminata","2a75921d722ef2e9c11a55f7655f5fb1","Family: Kangiellaceae",2.216,0.03801,2.41956157531264
