feature	e3bd4c321c5364d01871ebb503a1dc7e	X111e656543ece411bd2a1eb66fe7c829	X1a04461b51bc23b48c24529fbdb95d2b	X48c73c7418438db43c0cde9d59ccdd75	X9b08bed331b09ad329f05f289f6f6b1c	ed962067f3d3472675d24f92d6dda3b0	X5d10eace291cd6e21a10aa0b539c6675	a701ea3d792859ee95d76be492299b56	cd595c4d4718f235de7afa8a4fb1d827	X14f87010b759af5eba30b821ec5adbd7	a634a2821a34209d91ff6a23afaf0749	a4dd6d542fe6ec39d993a15f5526adba	cdbee4bce8b6c4799234b1539ed272e6	a30387bf30a75f6ab45d6e8ba3082804	b7279007573da839dc7d022d326a795c	X56335ac95e507e0bbb08dc360850bfe5	X2f5f939a9cb1a84c481d0d730257edfc	f6907f697361593491030f7dc8a198aa	c6ee8a2dc2752e9ceca077f36476e467	X75db9b4fe7a0f119947425627d6891bd	X5542f4f8f93034de29ef108852750947	X97e3e3c32da6c00e50e7febbd1e9fd2e	bbaa49db59da4b9d9c05ca4a337866f3	f495d6392152b685fee3ac09dfa0f382	e37325985104480c096f7fba13267f42	X38379288db02e084c195974a32fd0290	eda779de9198f9be9317ecf6596927a1	a34bef55267cd0e29ab88c1749b5f67f	ad7cea3f47c9e64cbe5f5544c27fb1c5	e00f5fdbe342c7e772ef846e7452911e	a86091032bf65639a7bae7d5232f0378	f37fdde7f16787d978cbda79b16b1354	eba5bfd092583ac8fee5fa9f326dbf28	ffcf4ed82045665508e925b0f4531d28	cf933f106f0a173a9e9a13f71baef32b	X6e0546931ed7eab1f41201aabb92be68	d3411bbafb4f9e5e06853a662b2ef9be	X6ace4e7664815b50cab6e2db8056b113	c8487b182705eaad35c8578b81969d20	X67b0631399914fc300a8246571dd2fc0	X5218fb6a47b2fc4bdbc66f967c9fd013	X8cff7bc3fb5f7586f26e4837583cb108	b3d73b5df65928a4f8c59f2eb7dcd58b	a6041ebe74034791d31efb06695a1651	bae957b9ca156334a740e37e8e72fffa	cded164d9fa3074d5c0980e0766a8974	X8425d4cf5f4dc882ae2abe971230a45c	dc0c1382289972508f62c1eb392febda	X19483975848ef1e1f6ba304df2b90196	fd985ae175439d14150ffc494c72f7ed	fbcc4b1b852cf931033fb27fbc44e355	X4c99063a98b560e23602bb9a246bf6f9	X2b171e4c26f481ddc20506b79877b519	X4d833bf0162967d91310d1a93db92ed2	faa5c0dcb53dc1ec6e0ad209e4b5f3ba	X624e722f9ce73da36d9972d68241ef8e	X58c4c519152238addd28ad789a0e3adc	X5234d703355574c2c5651a4064ff536f	f7460ef647b461ee5ad49fbeb5705652	b5cd41c77bc4eb8356b15ed52bb1cf5d	X54852a8e2846df6da292b067da6342fd	db30bfa14b0cd36a31d9d1bd5aae464f	b412ae178d00f4610eb08e2c5f1070e2	d48706c65b21f07c69d49493ae60607e	X2b6e42bf9200244b950fdda2491dd4ca	X883ae30d1e8f0fb3abb2bb36086f8989	X9bd20c6dd9e216eb9c62ab933e134da3	X0bbb87abc1df7dbdb3e7d3021088be73	cf2752910266aa9986d441f815389f2c	X2bbe9ffa11b7f8f8f39949efd572622e	X3022aecd3cf0ed1b4e11f5f364b31690	d350ed02e3e8ac5ff62590f2f6fa3906	X0cc9c55d721f5f3d43ec8bc2fe132d0e	X2d48d4e07d399d00cbf03606a2f42fb9	X1f72dd6c008e3e8541c463624c397a3b	X9596c2bc8e8edf429b2f5527e5647ea5	X1e1b7ddad02acecfc72680af8f2527db	f87bfb253d2783c1b609185e1cf2dc94	X55177c21ecc38c408908762a95ca460f	X729833d6acec1576dda09a91d2cb8922	b5fb61584fb688918ec8c5431cdd4547	c06de8efeadccec8f33dc90c9a63cc1d	a630681ba72a80c92a426efb3e574ab2	edcfb96c9964f3f9dc6f0621861a0b2f	X7d332824708bd7dd7c7bc731d027d0b5	X8a105578040aa0e67ef6f2e88aa77266	X7d372fe772be67fbd518123f6300b372	b28d50f8401c6660191fcf0576c96b5a	X1bd64880dd9696b130cbe87fcc4e86e5	d419d3173d0f1c706bf4ac47047c7bd6	X982b14ee9c90473a50e554429277cc32	X038046812a9ff4798a07dab883adc0a2	badeae06f9f02ed7567ab02f37fc1612	X2961c3455232ab30a84561187990fda7	ea5114b2e35c6ea63901f2e114fa7f39	X19ffcc8f06422b6b81f2a65bbf134dea	X6efcd9846560ff414ec2d5d259c0ec88	ddaebe95bb6bee3bffec43486832e623	X6845fe55f2b4f051a22bc167ef2b80ea	X720b43663d61f720cbda595a52767410	a873093c14011b2af25ae42d32316822	X91d3c495e42075de5293ed2d938b0f23	a9427da0505b7d58d739f5f494843f01	X46990b16973b280c326f4090aea28cf3	X183b1085ec7d9b20001265937f063710	X68e97f8c00f3cf84de842890290838fe	X2b4f167790f68d3446b92b90c163f2f4	b98daa18c668f922de33812aade51f0d	e293739f6148cc06666621b943e98b5c	X31f24c0e3e16424592a91c6b4756c393	ce04c5e50383bc87866e551d14443e51	X8f925b5c8d43eded04671d9dd477e5b5	X80380f29e51d9ff29653a529d29d3fc4	b640a831f0c28e6d60ba3f6b278f38fa	a1deaaf0aeaee1963f22f598b43bbe9a	ba857f609a4cb0fbddce7b8c84f7ba21	X577ab2fd63927a467fc472aa93939c74	X53bc8adad8a2eb8fcea6a2d2cd6106eb	X458339bd3c86a788ff2e3337546b4822	cfec4b0a232227b2b9ed13646008ecc6	e5f2f5b340711d60850625c424a2c2a5	X3441776b98130021c6d426dfd2725cf6	c635e68d37dc732efc7938b2d5938516	a7233f84db0360ad7535619a0b20e8bf	f053778ac11218db2855b879731e41f6	X4bca09b0e91f744c4183dd594d3790f4	X68617ca5f5f01ebf992bb4a6c8b2debd	bf0fc57d701c5060d650485ca2bca7b0	X6444657c0f5e7317624f71dc68a429f0	X398b27b58cd45cd00d44f536a9411b08	X920e2e6c1f1391db7e864c5b0496a18a	X2fb7e8d1f5e84a36d10885c3b68692f9	dc59078827f8caef7ddfa5b9090e86c3	c38eed8f2f2f07fc99e6135205c57cff	X982925871472c4f876909ed322877969	e710ba8eeb660e6dff2f183bb30d5c0b	X21834868880c333b901a52520bbd73ad	X5469b4f52bb3f11250795aa47af5fff5	c0cbc7be02ab7ab71ae694861accc33d	db1e957f641eea77586f338d6883f316	baa2303756ad35a4a7942e0e068297c9	X8cf2d6c9fedeb3cb3dbd20d6d82eabc3	X3e654b6a2f5c3f012508e5170d99c6e7	e7ec7f4a6af87d8d8cbb1a4dbf5f55ef	daa83b35584cb31b1770ad7d863ac3a1	X31fb49d7319338818e5c561cc3e8f134	c5e09db0eecbf5db9483cf3278206a7e	X0f46c35d6629feaffa5e8f4b256e255b	X5811fa589180d783a6b850974c3f0151	d137f3df2a73a2a19320c6248b490229	X5b56a9ab5f7005e998ba28fae84d0e2e	d77309793f82eb417d1458904160e46a	cc89912eed70e389ffa408ad458aac83	X0a05ee4d171b0d8a22c44965669531a1	e7da42f9000caabfe585a8d3d507975e	X66f407a78d0b08c3681c099ab327c567	db79242c961c3c2e613ebd14d7e1e3ce	X45b0423d1013166f5e0436130e71527a	e018027ae4ac53f0766656b67ac716cd	X0ba0d4c5a289facc80e0e481377a9e18	X6571c42e7d53e6149821aaea40426d89	X3e1100e30e07ea9579addecaf522eb67	c6c422e7937936cc8b3aa5a8b979de90	fdfeb6cc1c0dd2132cc2a7f29fb19f7f	a8c1050a587c5351b60d6de197951534	d33376accb73ed5f6287f6d1ff7e1e8f	c400bb9ef12cb34392453dd557713e2b	e750785f4ec0290b5b57ccbb9f86296c	X45ed967d7872177cb7a2c99505c352f4	X219274e4f902b9dff93071ea70e7b13e	X7f31912e1d91e22e8c7483b00c716d55	X3c0deb5ca627c2080a4a80c7d89c6096	X321a83a6e5fa7b84f7c14fac45af21c3	X664ddcd6b4bdb13116e4a71964fda54f	af0734d13d54fc12a56ffe1cea938f3b	X8837586ffddd9338f2c4fe7f542ff123	X0e5ada20c2862ce42779d0e00384b3c2	X80bc45a80fb514662f5268b75a0591c2	X897570e09d862d745dcb4fc5dd65d9a2	X7d90d5ed128c6d4519c33e4e5b4deda9	X526b3d453dadeaa8c15e168de5fb3739	X8c98595b50153db05b95a7c15b260525	X185474c3dc53ff6ff5abb3d7d564841a	X13bfbe035d4afd772a36eb36a3175948	dd3feb8bca4f233f9df1a182c90ff495	X90011a33899ed1c7b04fc135cbcc547c	X54b2938845517c66a88daab1b15b06a8	X99adee39d4a68f7259d23b10d85c577f	e754a39a858b1a95a88af59002c86f11	X5649447d0222bd34d28a6e5f13981af0	X53a92e0a2a33b772ceb161d8c83fdd54	X4eec64e26ba6ab8dc0be1e62d7bc5874	adb741c1bf4a08a13bdcc5433e8d3f6c	dd4288754e567d2598eb7d479a0c1051	X03737d438a719a353b424b11ed473145	c44ff307960c98eb2c3f6c5cf28a5e59	X7bbc62177baff660f822fd1f5ec70b87	X04db8fa0f286c42335556af597b5c346	X450b0f9dbaf395de258b2b6c62a5f5aa	X8f047e5609a7900ec2b5c96f79667db6	X9278c3ba31355d47f18a60ce54266a48	be3cb677392518f2eb047d5691a05c87	cd78e353ff7460b7e9e77db2ede05397	X46c4ec597d0d614f44f0b933737487cf	X169a0f5e6200d8505cc9a7bab3b1db9d	X8e57f969178d1b7b927cf520942dbdbc	X1bc7e599ad2dbd3c9e8128114addb62e	X0f067d3b0fcbcbb517d57a849a9928db	X82ba492fe9567ec975261e3ae90c35b5	a4249126c5ab1a9f4915ed66a50f9693	X2adee164dfb4a99d152d5bf80c5115fe	X56475205e4902df49ead20f52e86b8ef	eb59d87a05c456604ae43adeff40a282	a6905f293d92223e65dd6e1631fc40e8	d20f9a5bc3810caaba5b2c041c10e0cd	X19b61409df7c30d2664a677418a9277a	X14888fa4df557695367fd95574e2a921	b48a66a13d96875cba60b1e2f35f600e	X70c039d8c51974900eb441e93620c97e	X4e5dde1edf6195d5cc053de052ecd126	d7697e7d230b594140e4c42705222994	X3b437c4d2375e717fe51983c24c322da	f86b85ef1921a5a01654971edf04e830	d5fcf5df971a070340323457c4cb20ce	X933db767d1b3ad87196e86e7d73f8bd1	X11b7c459db9e25981b9e929a8098b1d9	X85f96df83ba14bf79a082e587b136d3d	a808d64656c89b269905004de83c1b9d	cc8f106544aa3a06a7f5ae350c8d3d47	X60dded71e53ec590874a5bcc2ded07a8	X7dfcf4cd9861f411497dd9ec9e5b3e21	e53d40931998c5c89278f8b7d89112fa	b73ffa6201a5453262b89a22e043e57c	X7ea06d2bb42e27fa68406d4602c2d01a	cdfa5bee668ff3eb1caa79fd0dd15408	X3a218447b4453c013ce47c49e91976ab	adf452cf20fe30e2e4e304f2bcfa5cb9	d6fd1639cbb76c7a57dc45b18c9557c2	c1e3d6a4f2a02d70acc7c3258e889732	f87f7020ab5d67d34abcf31cb140a695	X7e6d49ee79001adc19db0967b5346d7c	X215e80b70b5d79793cd4e6ec65a8862f	X6dd9d05b5d7e6b97dc14447e9014958c	X85a4a31224d0d94ef879027d2bbde7cd	X0919acf89fa8a15db3c351214f6e4f7c	X93d237ed88e3fa3ac6add0edd53fd6d7	X57b1ba0bd9185bc8ebed9f329a1fc9d5	X0765db298be63955af9135d02bd54685	cb0e124edf07cbadc75e0a41bc426860	X1db2aedb3113eb91e4c997379103dce7	cbfcfa78559eb03c7aedc778279a4240	X7fa28873744c745f7d97dbe6ad665978	a82ce85f5a3c652d7038a5ee1f4e5657	X46f49f7c7bbd8987ed371e1a8244060d	a46c68ade453c5b8cdc418a30ff62c46	X46ca097e633fe69ec90772cf148a72eb	X72f863cafb495d6e0f463b001e7dc17b	dee7e9e6328e4af5e481f88a1f796b2a	X259c5eec13102e419df44476763d7140	X7a4635c47c57c977fa50848aa4f78696	X93e61c21abafacf274094929526f103c	c30cad9fcfd8f81ab1ad5e4fd7791450	X4f5d5c70f37db3c66d86b59a75e416ee	b39c708f3cf7af879b004a5b52e3d713	f8831fa35e481423c9bf15d3f4049536	X6d1b4550c39b9e7fc04e81304d027825	X1a8f46c6f0720e2d4c80cccff1cea5da	d99c975c4769ca942e4ad18aad95ed25	X9879a750c4dcbe94271efc3a64a8dcc6	X0b84f4dd505d194c6ab896130bd862be	X2b72428ebbcbfc529a8aecf2ea37157c	X1263b941de1a0c2fb61d10f6b7e273da	X699df2ed93ea2ec71338ef381492fb73	X841bd1ff167cad165369d9d1cedac1ac	X117e2ebeb25f17a7989fa76a7863d66d	b40fb7908173ee6634e537189d7d9f03	X993a6609cb6120cb5758850bd2226422	d29f81bb963e451423a48f884dbc05b0	X51072144763d6f2480df1cad15babda4	X4d5ea57ba7338b0aca057fb93a24b82b	X03b7ebba649372402d17bbbf49e40c41	X3bf1856285a2dec0bc12e7b95d049ba8	X31a5885a9cb13afe64320e722774bd4d	X23a99157e2d7180e199cdc7822f7492e	aba6a32d51a6f8f58979fb224b7df4f0	X330511b25fce830f4ad4b90a0e70a290	X49b49aa4f854bfe985ddbf1f9ab8f276	X02a66ea246a43083ba22855338d2aedf	X7ec8be180094b588aa83a84c0d44387e	dc0210300fb08da2e351ba9109b83299	X8954e705dd4c5b1dfad92994e335f8ad	d1c2dbff8bab642aee2570f744aa25f3	X15f70377a20620ede76a1f2a910a5fa2	X642e827f460c5d95f59e194ffe648b44	d892e186f5d0faef3dcb94743201ac8a	ba401d97a3d1fd259b0c9abfb61197a6	X53b0bf16a3ebf64cb2ca3854a7853e91	e78d09b226e1f479645c51a8c8464b2f	X3c24a5adabfcefd9f44d13f50384c57f	f6e4cd87626bf011085db7e4932434aa	X50b0abb5f69cba0b376a48ec81d7cb3c	f6a213d117e8ba43a58c22f63ca194d5	X60ef3e6936a0df613cd8639cf1d82dd8	b2d071236c8c5e05ed7419c04f5f5d9f	X1f9d114e8d3a20c7bb9811eeab731b17	X2991c3b434900ecc60487ed314bfc27f	X46a7475bfbd3a0d1254bcf3bf02c594a	ca230262e8f9c1e33852d876eea5b349	e54adf02fc94231bd3e96b4ddfee5c66	d3a60d931aed828666a7818a3da0ee38	ac4ac274d280050de041eaa56cbe3c92	ece0924dfd02ae945acc359b43d18d7c	X2e8af9adac6f4ac0f35ca1d4db4b5be0	X490311f3d1a99ebe1e75fc9ab2946594	X0086dc5db7606294d31e898aa5bef5f8	da0cb8571e674602e428f2c8fabde5f4	X0cc192b38e1221a0b3e341f4f2785cd5	X9b96de8eef438ca03df67532ff32f48e	X2a845e1e6a5d81b1811c5bd53bd61f64	X504bda43dba49a4c962dac812c8b799a	e86aff9d83cae9a0a12ce9418a82f731	bf95dfb02e41ebb233089a929da96e38	a1b552c937600d27a874e9da26affb54	X2e6ab736cc771264acd25eedac00cf96	X3d2cb4d432637a967953485f20f9eec5	X16ef6effe2d089ebb294151a41a1ec5b	d39c9edf0713ddc8fd73af7e060ec961	X29bcbd6e828d6286c99f762d0da66bfa	X2fc8e7aa4d676eb8db3fba379bb407a2	ff4a3ae241768379bc4514556b875686	X382df3e0baaef58683f1815a6dd0082f	ff61594f8ffc3973d7334ce2ee4ba2b4	X7f821b26f148d93626119f434dd5b5a5	fde8e84cce41b1ce4694d7b9a136fed0	b8347f9d4bef58efd4a4c8c3de76dada	d8e441e1d21eb2d0100711bad52afef1	X578cabc2ffdc8324871bfe6fcb86c8a9	dbf6d7757be706cf55237aa9474e6fe2	X9b1687e3f44ec77e101fdcb240a42150	a3638e5a8bffb4368ccea337e4bf88bd	X0ef711767e900093167246c3baa0ec2d	X80729da8dc44ac0b072ebf04501da8f7	c816e73177f1bb2f0de31e8d6a787e9c	X58dfaab427cd817165b19ac4a3822d81	e3840ff1944a9005ac8bd97818f0be34	e23f13c4880a9bef120d582d3b9cc6f8	X589ec485d0d65062e45cc72b27c2fa31	X47410b2b76ee24da9766c39ad2d67817	X9910b78ecfcab8367a1b3ae162fb4cee	X9baa43b4420a0d167bab65c675c05461	ccc39b97716c05e4fa4b6b5b269d29a6	dae4a7c414685374d8ea6d1f9ffb4707	f86ab1314d983f8e2bbe1b89795fe084	X8f51a564f763a2c7a93a85540c5763d2	X9b1518c1061247b7f49b0ef1a900914a	X9cf24ad9887eff6ca510f3629e38c25a	c43ca33ddcf32345e699d8c2aaf25874	X02d6ac442ceffa833eb9dad31596e0bc	d146a78b2cc9ce47a8e115a7bbc275f2	X8fbb15a65d1c62319996bd1c022f13bc	X1f3e0e00723a8b239da5ee4874e79498	X0b7ee59778fc8e0377f8091c86b4f678	X2c17c5c0f090ca576c79d0b03b60ee00	b742d2c5dc2d56380a963392a7e31ede	e710b8ac685f11cc7c09374158f8e5f0	a5e9a1e4d958cbfbbee1e64da0713aee	X61ed6ce1622d7abc236fcb34e383b9df	X6ef0ba7972a3d850ab53b4cff1ecc30a	a00d340debf632ef045e74ec7f5c555d	X30be729f52504b55c5a0094eef64a555	X7959e4a1f3af0b7246a5f6684f36f684	X0fee2b4a205b2c372db7eadfa0b0b6aa	X6727c3bf49aac216bd6f65c6de201a53	ec159155f5070da81cea4db2782b2fb4	ea4ffb93b25f4719ae273ed8239279f9	b3ab9de04f409a89e694d048cf3e3c9d	X36a23b82c80f21796926d7fcfd83c56e	X100c2a43ee71e19b2d15def65bbbddf1	e36abf8dae2cc4c40613bde27cbd5dfa	ed59f72e69215cd9dc582ed9cf1928b5	X852938775fb1fa6659258dd516e1e3af	c3ff5c573fb0e919a4b6e39d5db06dd8	bb3ca21d9beb2ae184270bc5fe9934f3	X03ff4389751571679d504b8b37d762d1	d7a918a7525eed5b6550138bffa096d9	bf4cad5efdc02f2652b28b45910a712c	cecad6155886fdcc1170a958b914c687	cc098a451984bb7d5258610536487e6b	X049c1dc13f5227937ae467038e6e7fb5	X4ad474a9bcf99ecf8289c726bef8f870	bff7614d4a36145892a87e3866bb8da6	X859b3c7c3c892ff654d71b1a4f5616d9	c9f1ce70b80baad0ea9f9cdc6db6a53d	X5a2cf0b02ffd960df67008265f6a7c83	X8bc8a577f444654080e1cbbcbf3624df	X36375a7853fa24dd6faeb09805fa96e5	X89a378c805998b10d2351592c89d2cf7	X5d36ca9a32caa813c493ba5e27839d25	X9746789056f51c1d02d324ad9fe44ef5	ca2907ac922c683fcd8be0c5c3c8558d	X8f46f6c883ff0376f5cfdc149e6de56f	X392f12d7facbcb27beba31a0ed941026	be86892fe09aec00b1c6229434d21a7a	eb424acc9c9d4d1eca211aa7064d8984	X6fa042875e142902220523bdc99b5348	b24862dfbb76f24007528f15e4f40ea3	X7962e05010d48d659881432184e5938b	X250eff414ba3de003b8ddd7f5f264dc0	X7f30f260ebdc3f8a29e9843f4fb14423	e0514385f1b05da13d49959f78a0cc14	X9603f9c9ffef24dfa054269272ebdef1	b2ec0c366fd68090f7f876d279e9b01a	X3f07c5798efd8deb6095045db89ee137	cff90739aec43855cf9b4c0c5a7fb2b1	X0d91c2a2269c88a37e40035c04cfbde4	X6644c6e2888ae64e209143951a4d5ebd	X39bda7adc3f729bdf426bf3590d1d82e	X30496310bc9b77784fe92610a1e95318	X03401bc8d2fe3705459352cd38017472	bc88baaaa9aad80ae536eb66fdb7f40e	f1cacd9e70445f24c4619f0fca89b7f4	e3cbc21f21cc057a0bbd9895488c6f4e	X483a76f36be323593bc9e71a62dee74a	X98f6b0c326913c4ba0315eb27e8ac5a0	X687e1d94d2bfc46843a21e7706df067e	X33cafdb23caa43852d51b77b1c33f122	X5170a06c03ce0079bf7130ff41477137	X6e784413f3828283e81f4f562ed3cbc0	c344c6c584c663a222c735d50eabb47d	b9f8023e34e86ed2cbd5cc19411235e1	aaad296d50874b161941320c3dc8a96d	X70be9fe6bf4d2d0718f98598f0e673b3	bb23a9ce44ee3a69cccad6ae72107707	X7bd7084024ca60fbe2bb36dacbe08260	c42296970268b4b3c569158c282ebd5f	f3085612606c1365160c183a78783d29	X06ebb8f50c5fb9f85eadf2f14ab85b2b	d8bb3dc494ed0b0960a5cb8dd536d9bc	X229aa18a3bfba920e9951a243906ee23	X9e33a74eef095bde8456b4aabd5c6d08	ade33384c1d9cf6068574bca1f893e0a	b1d23615b665e2b790984181db45b651	X8e7ea53195da7c5b83031cbf25dd92d6	b78e9c4260d66a65c87ac5435c0f8d25	X12a6e3fb921672f971db30af5c342697	e0a024ed10311454244dd277df175f62	X10d1b2a4c3bbade23c1d625b00e4aad0	X2005002db75f1c8dc00b4ee4ba74b9b7	X233f4984b368c629dce62662fbf10513	X803e9dc8e8c4c4fd8c7e399c8eb89a5c	X61d96b86c674ec6276984c9be7a81efc	X7a26b18ecf36e25e17aebec4dec9295d	X11d9f4dde6fe2ad07a187337b9a2025c	X7e9bbf2f6743ed6f0dcc535ed2bfe49e	cb5ec78471cee394f3979e8918c5af2b	fa6c36b9b01fda188f48c94338e3fb17	X1165a294592e01173220170665f33e60	X0d3a3d1cf7d4f42efdf5f41ab5a1c3b0	X2be723bd0dc53b993b03b5d8417b9601	a901a8cfc9728d0ffa822c9c0f345b2d	ee23936eb7d1dd1c67d0bfa7f12f9454	cef2466032d7665dd9cede573cf09004	X3748fcbd8c4920df7f8c97a1c3670738	f0813c9877529cb1418e97b2650e1022	X08aac133c8cf588211af104b22d9d65d	X0291d4c65844b95d146ec0ea2fff981c	X0546fde1ebee54d6a547602280aedc1f	edace155e4b31c185330bcc89327ce21	X4a0b292ba716582f9af46694458c0b9b	a39894fcc063366b3c7cefa5eccec76e	d05fe7df65585fab46e1e52def2185bd	X530d24908759df11439f922b6b553c34	X7e1ec4f998a4a736caa4324f1187b0f3	a26c0e21cf23f74ec2224597a8623a7a	X889f818231133182f77d8aaafa2b12c4	X0c22ff0015c6c4f858371ebdccb7c9f2	X3cf7a40b71ff732e2433cb9cd5d40590	X5715317b3524541fa7d27d5a5a46c109	X41a2f7eaeef2198f0ff65bc193542597	X91c17131cd04751c175243c37e94f7eb	bd6053e1cb713e262f4936d5b2c5f240	X6443898054518f4a3520abd88ae8a640	af32dc1e7f2bc423cb9a27950296f706	c930dd6e058d54650d29e1851106646b	X4b9f9723551325d3ff2ee04cfe1700eb	X8439878c2539bca397c91c2cf9a281fa	X0fd37bd1907b7290a345be00eea52f4f	e1444d1a3070b9105c99791aacb6a926	X79929954482a611c6ada4bc0c9072ec1	X5fa1f70939d54c077ed7e04f0e76c3ee	X3f19b8f4a84f29f0359fe8b9c8dad80b	c5ea68c4b12847e119110229c12064b0	b19f02013150c2b3f070a2cc5f3ec028	X7de5958338db62682325c264856a10fd	X4ca75eef9737fb5550895261c1f6bbcb	f19fda84a12829f2d6033c22da243230	X1aa45332969575442e0a457ef371669d	X35839cd48c98d20528447c4eb68c0066	bd00bbfd73921b6f6c80e4d1205c8fd8	X93e6420978086cd227e7a6d24031ea8d	X9f13fbe002a0ec4ae61a461e52594174	X9de53bc93ce1fc7b28089595cd21049e	X139f25691465fa60e55b064adbdc8f77	c7040b0e9355847fdd8d36176c56d00e	d62391c05982dbd55ceee73ed0aa48fa	X98ddab7d9d2559683ac8ef703b56173c	e0c4d4bfc3ae00a90ffd60b7467b9f58	X68262884f1021c896f8e1bf7348d773c	d201cbacd1c567ff782a4fefb0caf09b	X4473ac847f597164696bc96da74ca753	X9df8d0786499fd3af829e9c76e005b49	X3593517e6f3c8ddd66ec5d42cad3f8b9	cd86b3836742b402c685dccd9d209974	X2c8127324a44177e3a584edac7b6d9aa	X0f16f8de29c25a939a129dd8dc662309	X742c95121c4d112a95f42caacb60d00b	fd7ab3434f28368d64590296348fa87c	fe0f9df98d755d5ff209e4e1708b1435	X1f7873184c505b67b8fc07b1cc93daa2	X374dece00e6359da8755760ef22ce3f2	X568ebf1ecd38e4f10bb09f485eb5ba51	X6cdb80096b41fa18a2b5a492fdd5a13d	X1578e8e43620e7433014b4de3d5e59d3	X28e8cee608bb6332250305af82111939	X175bb48e4547fa96279216bb447f9dbe	X243dcd8a51535c43d71a74c858b555a7	X1cb3558d8e931cbfe4138dc6111e0892	X1a7ee377d67e2a96fc86dd2c4224be54	ee206f0fd19abe41b8ebfea30bedd064	X503c322982d287ae459c8f2d4d246316	db79e23ce1e494d6511308d01d9c9d48	a272077e460f6e5dfede0a2c7bc5a27b	c341becad010ef423b0a2081960f45da	X94e57b830b2196a64ed739a4895da2eb	X36ffc715169853bcd6889475cba51102	X41138974e340e72773d2b83a3f86e1d9	c367b846783e73bee04d47c91e1d0178	X8fc2ef4e56ee8777d7789d081106895a	de08aafe78a41afe20cddb023dd0371d	X1f582b58a39968c91ff3f3c2d6405e01	X6b637827a7b7d34bc893fb0a41bfe8ba	X4a8d49983280bcba754cc84f20feda16	X1d2142dd334e5a850ef63951aa071171	fe67011d87678cd172e2f7de022b664f	X598cd8e6a5ad45271b24be0b5fe5ae04	X8c41b0239c04c51eeac5450d1696cb75	X082dbee02d1a3849ddc0a454984b119b	X921e4e19e271aaa3b02c3972988b8e6e	X81b2aba73c23bae26d23bee747da6876	X348406bb8516b9cdf17bf6b5ed1f4988	f52cc1224cac807cd42d9a901ed53c9b	acbdfc14c6d9f647954eeab899f2b241	fbdb7a1f9f60a77a49173184462d2a89	X61864d88d8d47b4425b6516032b9e1ec	X6c04fda77ffab719b8fc0280eee58e6b	X5f510cf434513fffae3da23d8a55ced4	X1f083ab9dab0883d71b83772320dde1c	X697ca733237d1dcee287e9441ba1293d	cff6472ba77a388ca06cf1af8b2728bb	X14b956e0d5a0ddf08d812e40de76cc71	ba2aff3a443930d1121498b38ad5146b	f164144dd85cc0e4f9d54b0e3c96b2e0	X3bb0873fa00ab16783b5603a5e1a8632	X01c071fe83cce6cf3f04cb51a16f6cf9	X9f2f6b16688668bbe2123f87798d7928	fdb61a2a3e6ccb8210b394742caebe0c	X5bad5126c04dd53cced51ba470a5ec20	X74181b49f562ea46e73c16368391164a	X3809c8d323509ea39c77771cf070ae93	X1029ddced74f5f79fe2f9d312071964e	a4eaea0f66b52319ff4582f90558249e	X52a708b863082c9521f9c2386741828b	X8a51991afd326ba189798359de0c1b30	X5ca822615f9425503909ec22e565e37c	ee53dae6330129322639543266f3dddd	X8c19b05fd7766c9cc96ebf6c86f41869	a79ede83e7055c3ce8bb8d9e341814b7	X190402c8ff702ef3fa8d65382437c88f	X47ceef7ab8b6e541e8f6a8bf3ed20799	e8ee1f95bffc82d74a71d559aad11494	c87ad8e3ad7ce1eeddc19540c9b297dd	a32ea7d20f160ac224d31aac8e824004	X59c76ee5680adff044b85a75fc900503	X41c97694fe462b5275efd68e7aed51fb	X4d13bae4aef22901abfe7ae1ee775f30	X9f672e756481f26855d8843d6759ea70	X688056e6131aa21a7be1c8fd64ae49ab	X4c6ef9c9ba78dd8049bc2d7833429792	X03e54834b751bd82f5fbb5b4272d3973	bed4562eceb89c4058975e46a7ed3e8e	X820ceeb37e4870dbcb427b839dc4f878	e97a019011b88fdf3a487d3ba6ca25c7	de91d86ca4553fad5b571cab4bc0c643	X915893668406e990f3b8ee735a5a79fd	f7b28a60e6852248c9b4d979baab1d31	X5668df213932ccf3cd904b30b7ab2508	db981247f9c4c3ac082c14f0ee3a488d	X2c7168ee385176ea4961facb24c63cad	f3cfc062a3f3de29ec3667aa35ff0334	df7b64b64e47e9f20f9baa0e5396523e	X4bc00206309fb40e7ff1c26c4cf9001c	X923274ca375c4004599e3a5cdd48c31f	X0e52646b5cf5e81019ce2a8c3ed002ff	X68a47d530b5fd8e48b51014d4e79c7d9	X723acb3ec6d8618bdc9737e16ca6aea4	f1f2fb690710ee376cdc798dbccf82ac	X9c29ca3305d99417f34e88524a8a6ecc	X628bfeeaed0d0c27092e24e5b4bf5398	X603182305206aed5981d79e4c8b05bb4	X2eb326352c654985be3eb1d86cf467a2	d258b7223d5bf3808c30ac339ce8f89a	ae46db7eeb4b7d6238c30a87e50ed788	X49527a4ca37e377b7ca849951aadb83c	X4f5fc09b11a0c49cc7911a4580cf2654	b8af065d521c725a6e771d0b1d6d22e5	X002b320d8713b10e7088c386ef2ff9ac	X75ac7b1808427320d21b6760a90003df	X3947c259f2ee2b222248f2d2dd1a2d6b	X6b02c69435b43677347a077e96f24d29	deabb25daba77bf7bf2aed0f1525c9d9	X9f8ba90b91b62893dc7d2de8efeddbdf	X21bdc1a8fcfe79d7ecac6852392b5b34	X97069d08adef9da9a4cc401880721dfd	X9a521902410b1ebf63819daa6f9fffeb	X1113d15f60158717a275260bd728ef07	X383e3b4b3f1ff85a6655197bb5c59739	X34f92d363f28125a1a9a62c8b358dd8f	X435a18ea36e4d8fdd6d972fd89a3909b	c2b44d8299c43196cf5287fe442f4764	X6d3aaed471197f4aa3b07d40f7d0e624	ac901e65f8691c704a205460cf17beb7	X669e3d62efc0a2b3771190762052fc42	ed8fdd02d4bc21d4e12f0cda0f0632d3	X1e1d579f7a590cc0109f2aeb3a7d1fa1	X4db9b291915703645d7f1942e9ee11d2	a35a58ff54d70ab325580790520a5066	X7e85992cf2a988a30842b08b8ea207ff	fbb6e0f572fb123ce9333090f647c4f7	b6952b03ca6350f94d72b0d823b64a9d	X8e40aad8bda86a6c18bde108be6672cc	X8f2ad028d51da1b87b2f9c70b030b7b9	X85bfc72e5f0daa99d80b14adb80101a4	X5cd3a5adccdf4b8a48abf4e3c6d2eaeb	bdaa6790f425427a9b23d47182027815	f240bbf8585745e520b035530d9056ee	ddbbe8062c3f16a6581a6d0780bc0256	X80cc08cc4b6e2dabff05acd656a1ebd7	d438a05c18b29189a5fde3d32328b2bb	X2654fee965702be4f4faa594dd207b7f	bf78efa64770f02ea6721bd3e40dd42d	X7c4b12c373424406cffeba6d0b213cab	X3fa792958434c39af117d53bb45feba7	X388578d8ad81c534aaa1e661f0cf747a	X43edcb62ca9130f235679447d48e93df	e40cb6eeb89859c5d6fa16068437b6c0	bfec6ca2084c4092ef4bd88f9cacd914
P1	62	4501	9295	1238	0	0	1732	0	570	30	5826	5654	286	104	258	273	812	16	57	0	52	224	6971	11	97	0	366	0	0	0	531	0	191	323	196	564	0	67	202	745	270	393	17	0	0	18	0	1583	203	327	39	174	0	764	26	0	1207	251	0	0	0	350	0	121	2133	420	725	0	39	64	0	0	305	73	0	14	23	0	344	67	0	0	0	0	35	130	13	0	103	172	0	0	0	0	0	169	84	0	0	11	18	22	10	9	0	0	89	3	0	0	44	70	28	46	0	240	24	0	66	578	0	0	0	104	64	3	15	0	0	0	0	0	0	0	204	0	0	87	91	401	0	18	511	75	94	0	13	0	0	0	22	70	0	70	82	0	0	12	0	0	79	132	154	3	0	37	252	16	0	0	763	0	0	18	40	0	0	1101	593	0	683	52	0	91	0	0	111	0	34	0	573	0	0	179	0	0	0	19	57	0	15	296	0	867	0	299	7	179	47	0	29	4	0	34	0	0	0	0	304	10	51	0	0	29	0	0	0	121	0	33	0	167	0	13	0	0	29	15	386	72	0	0	0	107	0	570	18	210	22	28	0	10	17	450	31	64	0	7	0	0	0	89	0	0	0	67	0	0	12	0	12	20	0	0	34	0	0	0	44	34	0	6	0	0	0	11	0	0	0	0	0	0	0	0	0	0	115	142	0	211	14	0	59	0	48	0	12	0	0	0	53	0	0	0	0	10	0	0	0	0	0	0	0	16	45	36	0	11	59	0	49	7	11	0	0	0	38	0	0	16	2	0	0	28	210	78	0	28	24	232	0	0	0	0	0	41	0	10	0	0	9	0	0	0	0	0	32	42	0	0	0	0	0	0	0	0	0	36	11	10	31	17	25	0	0	0	0	0	0	0	0	0	0	0	30	0	0	6	0	0	0	0	0	0	0	0	0	0	16	0	30	12	19	14	11	0	0	0	0	0	0	0	14	0	12	0	0	0	9	0	0	0	34	0	9	0	0	116	22	0	0	0	44	49	0	0	0	39	5	0	0	0	23	0	0	24	0	0	0	0	11	0	0	0	0	0	0	14	46	0	0	0	0	23	0	0	4	0	0	8	0	13	11	0	2	0	35	0	0	0	55	29	0	0	0	3	12	0	0	0	0	0	32	0	0	0	17	11	15	5	0	0	0	0	0	0	0	0	0	0	0	0	0	11	0	11	10	0	0	18	0	0	0	0	0	28	0	8	0	8	0	0	0	9	0	0	13	0	0	0	17	15	0	0	9	0	0	0	30	0	0	0	0	4	0	0	0	6	0	0	0	0	0	12	0	0	0	0	0	0	0	0	0	11	0	0	0	0	0	0	0	0	7	0	0	0	0	6	6	3	0	0	0	0	0	0	0	0	0	0	0	0	0	0	0	0	0	0	0	0	0	0	0	0	0	0	0	0	0	0	0	0	0	0	0	0	0	9	6	0	0	0	0	0	0	0	5	0	0	0	0	0	3	0	0	0
P2	0	1991	10828	348	0	0	2488	81	2304	28	2309	2887	0	236	43	82	1772	34	29	97	9	354	0	0	0	0	126	150	0	0	559	0	65	87	95	448	0	111	50	93	258	189	0	184	0	8	0	715	192	235	8	67	0	479	2103	0	83	39	0	0	9	74	0	33	23	168	188	0	0	142	35	16	126	38	0	16	44	36	13	25	0	0	0	0	148	393	28	0	0	784	0	0	0	50	10	428	0	0	0	0	0	0	15	0	0	7	51	0	51	7	0	0	31	17	0	57	14	9	0	15	0	0	2	25	20	0	89	0	10	24	0	0	0	0	39	0	31	0	193	109	10	25	385	0	2	0	11	0	43	2	0	0	31	0	0	0	30	0	0	0	0	0	0	0	0	75	132	0	0	0	0	0	20	0	39	0	0	26	12	0	57	62	0	27	58	0	570	0	20	0	80	28	0	70	0	4	0	10	166	0	0	140	65	0	39	0	0	70	0	0	0	0	0	7	54	0	18	42	0	2	0	98	0	3	0	0	0	47	0	0	11	64	0	23	0	10	14	8	89	146	0	62	0	7	0	6	0	0	0	0	57	0	0	0	23	6	9	0	0	0	81	81	0	0	0	52	0	0	0	0	11	14	3	0	0	0	0	36	60	0	4	0	23	11	26	0	0	4	0	174	30	0	0	0	0	0	35	0	0	0	0	0	66	77	33	0	0	0	0	0	38	2	0	0	0	17	0	0	0	0	0	38	0	130	82	0	0	0	0	0	8	0	0	2	4	0	12	0	0	0	0	0	0	0	0	0	2	15	7	0	0	0	0	89	0	15	0	13	199	0	0	0	0	0	0	8	10	8	0	0	11	0	0	3	0	0	0	0	0	0	26	24	0	4	3	0	0	0	39	0	0	0	0	0	105	0	0	0	0	135	102	0	2	71	0	0	0	19	12	0	0	14	0	4	0	0	0	37	0	0	0	0	0	0	0	0	0	0	5	0	0	0	23	0	0	0	0	0	0	14	0	0	0	0	0	0	0	5	6	0	7	0	0	3	0	12	0	0	50	2	52	0	0	0	0	26	0	8	0	0	0	0	0	55	0	0	3	0	0	0	0	6	75	0	0	0	0	0	0	31	0	0	0	42	0	0	0	0	0	0	0	0	14	0	0	0	12	0	8	0	0	0	0	0	0	0	0	0	0	0	0	0	0	0	0	0	0	0	0	0	0	0	0	0	6	8	0	0	0	6	0	0	6	9	0	0	3	0	0	0	0	0	0	0	0	0	12	0	0	0	0	0	0	3	0	0	0	0	0	0	2	0	0	0	0	0	0	16	13	0	0	0	0	0	0	0	0	0	5	0	0	0	0	7	0	0	0	0	0	0	4	0	0	7	4	0	0	0	0	0	0	0	0	0	7	0	0	0	0	0	0	0	0	0	0	4	0	0	0	0	0	0	0	0	0	0	0	2	0	0	0	0	0	0	0	0	4	0	0	0	0	0	0	0	0	0
P3	0	3924	15497	1412	0	0	774	47	1692	6	4163	4864	97	31	0	196	1213	0	30	248	133	492	2603	0	81	0	91	0	0	21	1578	0	106	110	612	337	7	0	145	296	692	382	0	0	0	36	152	696	148	555	21	0	0	406	8	56	641	59	0	0	0	228	0	76	0	837	342	1083	0	4	12	0	319	24	0	0	12	107	0	38	0	0	0	20	82	1200	14	41	80	693	0	0	0	0	88	710	38	0	16	30	0	0	15	0	0	43	368	0	0	0	58	12	0	51	0	151	34	0	37	22	0	0	0	61	31	17	342	0	22	0	0	47	52	0	0	0	15	39	76	296	10	0	423	0	0	29	10	5	0	0	14	206	17	99	0	0	102	0	0	0	0	138	0	6	0	290	200	0	0	0	73	0	0	0	53	0	0	0	0	16	0	67	0	36	60	57	0	0	24	0	142	41	0	46	0	0	0	13	165	0	0	138	14	0	646	63	0	106	0	0	28	0	0	7	0	0	43	0	28	0	38	52	0	0	0	0	0	94	16	0	49	69	0	0	0	0	79	7	0	7	0	0	0	20	0	0	0	0	0	7	0	8	55	0	0	0	0	0	0	0	259	12	0	0	0	0	0	0	5	0	5	0	0	0	43	0	0	0	80	34	0	15	0	0	8	17	0	0	15	0	0	0	0	0	0	0	156	0	0	0	0	15	32	18	36	0	9	0	0	0	23	34	0	5	0	0	0	0	0	0	0	0	0	0	45	0	0	0	0	7	14	17	57	0	0	0	24	0	0	23	0	0	0	0	0	0	0	21	17	0	0	0	0	59	10	22	0	0	0	0	0	0	0	65	0	0	77	0	0	0	0	0	12	0	0	0	0	20	74	0	76	31	93	0	0	0	0	0	58	0	0	0	14	159	22	0	0	3	0	0	35	0	0	24	0	0	0	0	38	0	0	0	9	4	0	0	0	0	0	0	0	0	0	0	6	0	0	25	0	0	0	0	0	0	0	0	0	0	3	0	0	0	0	21	0	0	0	0	0	0	0	0	9	0	0	0	0	0	0	0	0	0	0	0	0	19	0	6	26	0	0	0	0	0	0	0	23	0	0	12	0	0	0	0	0	0	16	0	0	46	0	0	0	25	0	0	0	0	0	0	0	0	28	0	0	0	8	5	27	0	0	0	0	0	0	0	0	0	0	0	7	0	0	25	0	0	12	0	16	0	0	0	0	0	0	0	0	9	0	0	0	0	0	10	2	0	0	0	0	7	17	17	0	0	17	0	0	0	0	0	0	0	0	0	0	0	0	0	0	0	0	0	0	0	0	0	0	0	15	0	0	0	0	0	0	0	0	0	0	0	0	0	6	15	0	0	0	7	0	0	0	0	0	0	0	0	0	0	0	0	0	0	0	0	0	0	0	0	0	0	0	0	0	0	0	0	6	0	0	0	0	8	0	0	0	0	0	0	5	0	0	0	0	0	0	0	0	0	0	0	0	0	0	0	0	0
V11	0	7321	115	5357	246	181	187	82	35	1318	44	0	1256	0	0	112	49	0	783	270	871	2541	43	138	1688	0	61	46	71	269	177	55	30	337	1014	46	165	72	10	1505	463	49	22	118	203	361	66	82	0	359	555	769	0	0	10	20	74	0	35	6	54	0	134	373	17	2483	0	165	0	0	23	26	17	1399	0	303	223	114	0	0	62	119	0	172	340	160	64	0	0	147	0	74	30	561	0	81	0	53	55	0	186	0	0	98	0	15	455	354	0	88	750	223	0	39	18	547	62	0	100	51	237	41	194	64	0	0	379	74	0	27	150	293	0	18	0	0	0	71	46	6	215	0	141	0	0	50	88	0	128	0	188	387	54	59	0	83	0	13	0	64	211	122	0	177	62	44	49	0	0	78	42	26	0	25	51	11	92	19	501	9	0	0	5	0	0	393	0	49	175	0	230	0	29	0	393	0	8	0	0	60	0	0	0	22	0	21	273	0	784	0	120	196	497	0	13	10	144	0	13	0	102	51	19	0	43	12	0	372	0	115	126	0	29	52	0	0	18	63	0	0	47	0	103	274	4	0	12	0	0	5	0	257	72	18	0	0	0	0	0	0	22	0	0	19	9	218	0	39	0	0	0	0	0	85	0	0	0	162	0	0	0	229	0	0	0	0	25	0	0	0	23	37	0	0	0	15	0	0	0	0	56	0	0	43	13	22	0	0	75	0	0	0	0	0	47	16	0	66	0	81	6	0	21	0	0	0	0	0	54	0	0	26	0	10	71	26	0	0	0	0	152	0	0	57	38	8	0	71	0	0	0	26	29	0	40	0	6	61	0	28	29	0	97	0	0	22	0	0	112	0	0	0	0	0	0	0	0	0	0	7	19	0	59	30	0	16	22	0	21	0	4	0	5	0	0	0	0	0	0	32	0	0	0	0	70	0	0	16	79	0	91	0	0	0	0	33	0	0	12	0	10	54	0	0	0	0	9	0	0	89	0	16	0	97	12	5	0	0	25	83	0	9	64	0	70	21	26	0	0	19	30	0	0	2	11	44	26	0	0	7	0	0	0	5	45	0	0	0	0	0	19	0	0	0	17	0	18	5	0	0	0	0	0	0	0	0	0	0	0	0	0	0	0	0	42	0	15	0	0	0	0	46	0	6	0	0	35	0	0	36	26	0	0	0	0	0	16	0	0	28	0	0	0	0	0	0	0	0	0	0	0	33	6	0	13	0	17	0	0	0	38	9	0	0	13	29	0	0	0	35	0	0	16	0	0	0	0	0	7	0	0	26	0	0	26	0	0	0	0	0	0	0	17	0	0	0	0	0	0	0	0	10	5	0	0	0	0	0	0	20	0	0	0	0	0	0	0	0	0	0	0	10	0	3	10	0	0	0	12	0	0	0	0	0	0	6	0	0	0	0	0	6	0	0	0	0	0	0	0	0	0	0	10	0	0	0	0	0	0	4	0	0	0	0	0	0	0	0	0	0	0	0	0	0	0	0
V12	297	650	44	568	88	1635	117	0	76	91	0	0	46	2	0	598	37	0	517	5152	108	1263	15	94	376	15	68	26	21	862	117	32	180	588	1493	0	282	0	19	108	277	30	33	178	40	71	0	109	0	449	593	101	40	0	0	0	0	0	11	9	15	0	466	51	0	0	0	48	30	0	266	0	17	4	22	195	698	131	0	0	6	89	66	466	296	377	62	0	0	345	0	880	10	263	35	204	0	154	11	0	47	0	836	0	17	29	498	12	52	46	67	352	0	30	312	49	68	40	0	56	0	40	182	148	0	4	94	21	0	0	14	0	0	33	170	10	952	0	30	167	390	0	0	7	15	18	19	5	610	457	17	205	413	10	0	88	75	13	45	0	119	281	384	55	19	219	11	6	29	53	0	22	23	0	0	51	85	0	0	15	0	0	2	0	140	0	2	38	35	6	0	196	17	0	112	180	28	0	0	94	11	0	0	0	0	73	50	0	0	12	0	0	0	4	5	23	0	0	0	0	162	63	96	213	28	10	198	5	8	12	22	0	253	117	0	13	126	76	0	135	26	86	67	0	30	0	6	2	183	34	282	34	130	17	0	0	97	0	249	56	59	6	0	36	9	0	352	10	5	0	0	0	0	21	0	0	3	17	0	0	172	0	17	27	0	0	18	108	0	144	47	61	3	5	6	25	0	198	84	19	8	85	6	42	0	56	0	3	0	15	0	118	32	0	38	83	79	157	68	0	15	6	75	0	0	46	76	3	0	24	0	53	0	0	0	71	0	0	21	36	15	0	37	77	0	33	4	0	0	17	0	58	46	0	18	0	5	12	32	0	0	9	61	18	0	91	0	0	39	64	0	51	0	0	91	35	31	0	10	0	19	0	0	20	63	0	0	9	25	28	56	32	0	0	0	36	38	90	0	0	0	6	36	0	12	0	14	6	0	82	31	0	0	0	26	27	11	17	0	0	7	21	6	50	0	0	8	61	0	0	21	25	0	0	0	5	40	0	13	0	75	72	0	0	0	0	36	0	0	0	0	0	0	22	0	0	0	5	0	49	0	38	0	42	0	31	0	0	0	14	0	17	43	20	8	10	0	28	33	0	12	0	0	0	3	7	0	0	0	0	26	0	0	0	0	0	0	53	0	20	0	15	0	18	12	0	0	0	0	0	19	37	24	0	42	0	0	0	12	3	2	25	12	0	31	3	0	0	20	9	19	5	13	0	0	0	0	0	37	0	0	7	23	0	0	0	0	39	23	0	0	0	0	0	0	6	5	0	0	21	0	0	0	0	0	9	5	22	0	17	4	13	0	0	6	0	3	5	0	11	0	0	22	2	9	20	17	13	0	0	0	5	0	0	14	14	8	0	0	4	17	0	12	0	0	10	7	0	0	14	13	8	9	3	0	0	0	0	12	12	3	0	8	6	4	2	0	10	8	8	0	0	0	10	8	6	0	0	0	0	9	0	0	7	4	0	0	0	0	3	4	0	2	3	2	0
V13	0	11085	0	10464	137	27	0	0	0	4873	0	0	2520	0	0	274	0	6	2163	165	2371	2782	0	0	3359	0	17	0	0	166	0	7	20	405	268	0	225	25	6	157	112	13	0	91	0	313	0	60	0	118	490	376	0	8	0	0	0	0	0	0	0	0	199	695	0	0	0	141	0	0	0	0	16	1048	0	1299	70	546	0	0	0	0	0	28	377	19	6	0	0	0	4	81	0	762	0	19	0	30	27	0	398	0	0	343	16	7	0	98	0	20	295	21	0	0	21	499	405	0	437	78	167	0	57	86	0	0	160	0	0	0	74	365	0	0	0	4	0	0	0	24	21	0	102	0	0	0	13	0	31	12	348	123	16	4	0	61	0	0	29	36	137	68	22	131	7	21	0	0	0	22	35	0	0	0	0	0	51	0	0	17	0	0	9	0	16	195	0	0	163	5	0	9	0	0	0	0	0	0	0	14	0	0	0	0	0	0	48	0	0	0	191	221	292	0	0	19	0	0	0	0	79	0	20	70	0	0	0	16	0	61	32	0	0	11	0	0	72	14	0	0	11	0	85	98	19	0	62	0	4	8	0	234	0	0	0	0	9	8	0	0	0	4	0	0	0	114	0	0	0	0	0	6	8	0	0	5	2	20	0	0	6	156	14	0	0	0	16	0	0	0	200	0	4	12	0	0	0	0	0	0	0	0	0	0	0	0	0	5	204	3	0	22	0	7	0	19	10	0	0	209	11	33	0	0	0	17	0	0	0	0	0	28	8	0	158	0	0	29	0	14	36	0	0	0	9	6	0	0	0	0	0	0	0	0	9	0	0	21	0	50	0	0	35	0	0	3	0	0	31	19	0	0	0	0	0	0	0	0	0	0	0	0	8	0	0	13	0	0	0	0	0	0	0	0	0	0	0	10	0	0	0	0	0	68	8	15	0	0	0	0	0	0	0	0	0	65	0	0	33	0	0	0	0	4	0	70	0	0	0	0	0	22	0	0	53	0	0	0	0	4	0	0	0	0	0	0	0	0	0	0	0	0	0	6	0	0	7	0	0	11	0	4	0	9	0	0	0	0	0	0	0	0	0	0	0	0	8	4	0	0	0	0	0	0	0	0	0	0	0	0	0	17	5	0	0	0	0	0	0	0	0	0	0	0	0	0	0	0	0	0	0	0	0	0	0	0	28	0	0	0	0	2	0	0	8	0	0	0	0	0	0	0	2	0	0	0	0	0	0	0	12	0	0	0	0	0	4	0	0	0	0	0	14	10	0	0	0	10	0	0	8	6	0	0	9	0	0	0	0	0	0	12	13	0	0	13	0	0	0	0	13	2	0	0	0	0	0	0	0	3	0	0	0	0	0	0	0	0	15	10	0	0	0	0	0	0	0	0	3	0	0	0	0	0	0	0	0	0	0	0	0	0	0	0	0	0	0	0	5	0	0	0	0	0	0	0	0	0	0	7	0	0	0	3	0	0	0	0	0	0	0	0	0	0	0	2
V21	237	188	0	186	38	1405	24	0	0	66	0	0	84	0	0	369	0	0	318	2893	61	1028	0	27	67	0	40	0	0	1565	71	14	103	369	815	0	287	0	15	164	48	9	0	144	0	52	0	88	0	196	232	67	32	0	0	0	0	0	0	0	0	0	291	16	0	0	0	91	0	0	17	0	15	0	19	91	515	99	0	0	3	66	0	71	145	94	15	0	0	39	0	569	0	150	0	301	0	59	0	0	49	0	1352	0	3	14	560	11	0	17	19	30	0	19	283	21	30	0	0	0	0	0	32	61	0	4	43	0	0	0	13	0	0	0	278	0	361	6	0	22	136	0	0	0	0	9	7	0	260	37	39	57	351	0	0	60	28	0	14	0	107	67	0	9	0	71	0	0	0	44	0	0	0	0	0	32	37	0	0	0	0	0	3	0	16	0	0	12	45	0	0	136	0	0	156	75	6	0	0	239	0	0	0	0	0	29	26	0	0	6	0	0	0	3	0	19	0	5	0	0	72	43	149	27	0	12	0	0	0	11	0	0	67	108	0	0	78	20	0	171	15	66	57	5	9	0	26	0	0	18	221	0	100	0	0	0	98	0	73	0	25	0	0	35	6	0	11	0	0	40	0	0	2	0	0	4	0	0	0	0	150	0	17	9	0	0	45	89	0	0	19	39	4	0	0	10	0	0	86	0	0	45	0	49	0	38	0	2	0	0	0	72	0	0	0	24	96	53	78	0	2	0	60	2	0	30	33	3	0	0	0	30	0	0	0	54	0	0	35	37	10	0	56	53	0	11	0	8	0	0	0	51	22	0	15	0	0	0	0	0	0	4	0	0	10	55	0	0	30	15	7	63	0	0	10	34	31	0	0	0	4	0	0	6	47	0	5	0	22	16	48	26	0	0	0	81	50	29	12	0	0	0	74	0	10	0	0	0	0	49	0	0	0	0	0	11	25	35	0	36	0	12	0	30	0	0	5	0	0	0	33	14	0	0	0	0	26	0	19	0	25	0	0	0	0	5	36	0	0	0	0	0	0	0	0	0	7	0	0	5	0	54	0	23	0	12	0	0	0	10	0	0	0	0	0	0	13	16	15	0	29	0	0	0	0	0	0	49	16	0	0	17	24	0	0	0	0	11	0	22	23	0	0	17	19	12	0	0	0	0	12	22	12	18	0	17	0	0	9	2	0	0	14	0	9	0	0	0	0	0	14	0	3	18	0	0	0	0	10	0	0	0	20	0	0	0	0	6	10	0	0	0	0	0	0	2	0	20	0	0	12	0	0	0	0	0	7	0	17	14	0	0	0	0	17	0	0	7	0	0	0	0	0	0	9	4	7	2	4	0	0	6	0	0	8	8	4	0	0	0	0	0	0	0	0	5	8	0	0	0	0	4	8	0	0	0	0	3	3	0	0	0	0	0	0	7	0	3	0	5	0	0	2	2	0	6	7	0	0	0	2	6	0	0	6	0	0	0	4	4	0	4	0	0	0	0
V22	0	8152	0	3304	0	12	0	0	0	3790	0	0	3068	0	0	49	0	0	2906	74	4295	30	0	11	2368	0	0	0	0	267	29	0	46	115	249	0	1540	0	0	267	71	6	0	0	0	1833	0	38	0	654	300	65	8	3	0	0	0	0	0	0	0	5	679	1186	0	5	0	137	20	0	0	0	0	472	0	547	60	530	0	0	0	27	23	0	473	55	8	0	0	30	4	21	0	412	0	54	0	26	9	0	635	6	0	795	3	7	21	485	0	0	274	149	0	0	33	238	298	0	409	0	617	6	37	19	0	0	409	0	0	0	694	233	0	0	0	5	0	0	0	25	34	0	0	0	0	0	16	0	35	36	336	93	79	11	21	291	8	0	0	8	255	39	0	497	18	12	0	7	0	315	0	0	0	0	0	0	0	0	0	16	0	0	0	0	0	234	0	10	293	7	0	93	0	0	12	0	0	0	0	24	0	0	0	0	0	27	104	0	0	0	217	70	0	0	0	0	0	0	0	0	132	4	23	0	0	0	0	0	0	139	0	0	0	0	3	0	88	186	0	0	5	0	134	39	9	0	41	0	14	0	0	0	0	0	0	0	3	3	0	0	20	0	0	0	4	0	0	0	0	0	0	0	0	37	0	0	0	11	0	0	0	21	0	0	0	0	14	0	5	0	45	0	6	0	4	0	0	0	27	7	0	5	0	33	0	0	0	0	0	0	0	36	0	0	0	20	10	0	0	5	42	5	0	0	0	0	0	0	0	12	0	0	0	0	45	0	0	11	0	72	21	14	0	0	0	7	3	0	0	0	96	7	7	0	28	0	0	0	0	26	0	0	0	0	0	0	0	0	0	0	0	0	0	0	0	0	16	0	0	0	6	0	0	0	3	6	0	8	0	0	0	8	0	16	0	0	0	0	0	0	0	6	0	0	0	30	0	0	0	0	0	0	0	0	0	0	0	0	58	0	0	0	19	0	0	66	0	8	0	0	0	0	0	0	12	0	0	0	13	6	3	0	0	0	44	10	0	0	0	7	0	66	0	0	3	11	17	4	0	12	0	0	38	0	5	0	16	0	0	0	18	0	0	0	0	0	0	23	2	0	0	0	0	0	0	0	0	0	0	0	0	0	5	0	0	0	0	0	0	7	0	0	0	0	8	0	0	0	0	0	0	0	0	0	3	0	0	0	0	0	0	0	0	0	0	0	0	10	0	0	0	0	0	0	0	0	0	0	0	0	0	0	0	0	0	0	0	0	0	0	0	0	11	5	0	0	0	0	0	0	4	0	0	0	0	0	0	0	0	0	0	0	0	0	6	16	0	0	0	2	9	8	0	0	0	0	0	0	0	0	4	0	0	0	0	0	0	0	0	0	0	0	0	0	0	0	0	16	0	0	0	0	0	0	0	7	0	0	0	0	0	8	0	0	0	0	7	0	0	0	0	0	0	0	0	0	0	0	0	0	0	0	0	0	0	7	0	5	0	0	0	0	0	0	0	2
V23	399	83	0	420	0	2399	0	0	0	45	0	0	101	0	0	206	0	0	410	1471	102	1190	0	12	153	0	27	0	0	1388	91	7	106	293	1039	0	365	0	14	109	486	14	0	118	20	96	0	80	0	553	366	0	0	0	0	0	0	0	0	0	0	0	658	32	0	0	0	51	0	0	0	0	0	7	11	83	586	141	0	0	0	260	0	77	130	373	16	0	0	53	0	747	0	118	0	247	0	26	0	0	50	0	250	0	0	8	53	23	0	19	40	515	0	20	581	29	36	0	0	84	0	13	1127	38	0	0	62	0	0	0	0	0	0	0	191	0	228	3	26	158	91	0	0	0	0	0	6	0	76	243	35	56	375	5	0	187	0	0	0	0	91	53	42	0	9	177	0	0	0	59	285	0	0	0	0	22	873	0	0	0	0	0	0	0	0	0	0	20	28	0	0	158	0	0	265	44	0	0	0	445	0	0	0	0	0	68	85	0	0	0	0	0	0	0	0	10	0	0	0	0	64	30	88	133	0	0	245	0	0	0	0	0	321	51	0	0	100	73	0	77	9	51	51	0	0	0	24	0	35	11	0	0	60	43	0	0	56	0	200	0	53	0	2	103	6	0	133	0	0	92	0	0	0	0	0	5	0	0	0	0	89	0	0	0	0	0	14	82	0	0	35	27	4	0	0	54	0	45	98	112	0	148	0	67	0	55	0	6	0	0	0	49	18	0	0	64	36	0	82	0	4	138	86	0	0	170	23	0	20	26	0	5	0	0	0	86	0	0	86	0	0	0	29	44	0	8	0	0	0	0	0	55	33	0	57	0	0	0	0	0	0	0	29	0	0	17	0	0	0	91	0	59	0	0	49	41	0	0	0	0	0	0	0	0	67	11	0	0	17	122	45	63	0	0	0	53	61	18	5	0	0	0	43	0	0	0	5	0	0	22	0	0	0	0	0	0	36	16	0	37	0	53	0	47	0	0	0	0	0	0	48	20	0	0	0	0	9	0	0	0	17	37	0	0	0	0	14	0	0	0	0	0	0	13	0	0	0	0	0	7	0	6	0	0	0	13	0	0	0	64	0	4	13	0	4	0	0	6	42	0	50	0	0	0	0	6	0	29	22	0	0	17	17	0	0	0	0	9	0	0	12	0	0	33	16	0	0	0	0	0	13	11	25	17	15	15	0	0	0	6	0	35	31	25	0	0	0	0	0	0	25	0	0	36	0	0	0	0	5	0	0	0	0	0	0	17	0	0	12	0	0	0	0	0	0	0	0	9	0	10	0	0	0	0	0	11	4	0	3	0	0	0	0	17	0	0	5	0	0	7	0	0	0	0	8	0	0	7	0	0	11	0	0	0	0	0	10	0	0	0	0	11	9	0	0	4	4	0	3	0	0	6	0	0	9	0	0	7	0	3	0	0	6	0	10	0	0	0	0	0	0	0	0	0	4	0	5	0	0	0	0	5	3	0	0	3	0	0	0	0	2	2	0	2	2	0
V31	0	6120	0	2362	35	78	18	0	0	1874	0	0	2476	6	0	150	0	0	2403	131	1447	56	0	26	333	17	32	0	13	2517	0	0	127	224	324	0	2211	0	10	190	723	39	0	57	0	1072	0	0	0	501	845	47	40	2	0	0	0	0	0	0	0	0	910	584	0	0	0	1524	35	0	17	0	27	0	0	315	556	710	0	0	0	51	37	0	283	61	18	17	0	0	0	328	0	0	0	0	0	75	4	0	549	31	5	675	26	6	115	554	0	31	84	743	0	21	487	5	511	0	483	0	395	27	84	42	0	0	19	0	0	0	410	191	0	21	0	0	0	0	0	129	284	0	0	0	0	8	0	0	46	579	207	0	26	0	49	321	6	0	0	0	196	0	0	136	38	0	0	0	0	269	0	32	0	0	0	0	0	0	0	36	0	0	0	0	0	20	0	10	83	7	0	20	0	0	17	0	0	0	0	20	0	0	0	0	0	49	96	0	0	6	136	17	0	6	0	25	0	0	0	0	0	23	69	8	0	0	0	0	0	181	0	2	0	5	7	0	0	77	0	0	48	30	11	0	93	0	221	0	123	17	0	0	0	0	0	0	6	0	0	0	0	6	0	0	5	0	0	0	0	0	0	0	0	155	0	12	0	0	0	0	9	0	0	0	0	0	50	0	0	0	0	0	7	0	0	0	0	0	71	14	170	0	0	28	0	0	0	3	82	0	0	0	0	0	0	16	15	0	0	0	32	75	22	0	0	0	34	0	26	0	0	11	0	0	3	22	0	9	29	0	0	197	0	0	0	0	0	0	0	0	151	21	78	0	43	0	0	0	0	70	0	0	0	0	8	12	0	0	0	23	0	11	0	0	0	18	93	0	0	0	10	0	0	0	3	6	0	0	0	11	10	0	0	0	0	0	14	0	0	0	0	0	4	0	54	0	0	0	0	0	0	0	0	0	0	0	61	0	0	0	0	0	26	0	0	0	12	0	0	12	0	0	0	26	6	0	12	0	11	3	0	0	0	0	0	46	0	0	0	0	0	44	0	0	0	17	37	0	8	6	0	0	33	0	13	0	56	0	0	5	63	0	0	0	52	4	0	2	0	0	0	0	0	62	0	0	0	0	35	0	0	0	20	0	0	0	0	0	31	6	0	0	0	0	18	15	0	0	0	0	0	0	9	21	0	0	0	2	0	25	0	0	5	0	9	0	0	21	0	0	0	0	0	0	0	0	10	0	0	0	0	4	0	0	0	0	0	0	0	0	0	0	0	0	0	4	0	0	0	0	0	0	23	0	0	0	13	0	4	0	0	0	0	0	0	0	0	0	0	8	0	0	0	0	0	0	0	0	4	0	6	0	0	0	0	0	0	0	0	4	0	0	0	0	0	0	0	0	0	4	5	0	0	14	0	0	8	0	0	0	12	0	0	8	0	0	0	0	0	0	7	4	0	0	0	0	0	0	0	0	0	0	0	0	0	0	0	0	0	0	0	0	0	0	0	0
V32	0	3376	0	2554	26	11	0	0	0	1660	0	0	2116	0	0	89	0	0	1372	49	1310	41	0	14	454	0	15	0	0	375	31	0	57	130	325	0	848	0	10	166	48	32	0	0	0	837	0	9	0	305	421	118	0	0	0	0	0	0	0	0	0	0	238	522	0	0	0	356	0	0	8	0	11	145	0	257	60	454	0	0	0	17	17	26	185	48	12	0	0	0	0	45	0	152	0	11	0	24	0	0	340	0	0	363	10	7	24	518	0	7	236	46	0	0	99	63	286	0	331	29	289	7	47	12	0	0	89	0	0	0	284	265	0	10	0	0	0	4	0	31	71	0	0	0	0	0	4	0	0	15	153	46	29	0	9	151	4	0	0	0	71	31	0	167	8	0	0	0	16	241	0	0	0	0	0	0	0	0	0	17	0	0	0	0	0	71	0	10	77	0	0	24	0	0	0	4	0	0	0	12	0	0	0	0	0	11	49	0	0	0	63	93	0	0	0	6	0	0	0	0	0	5	20	11	0	0	0	0	0	91	8	0	0	0	4	0	21	43	0	0	0	11	39	17	40	0	97	0	11	4	0	9	0	0	0	0	0	0	0	0	0	7	0	0	0	45	0	0	0	0	0	0	0	159	0	3	0	0	0	0	0	0	0	0	0	3	18	0	0	0	0	0	7	0	0	0	0	0	0	0	64	7	0	16	0	0	0	0	0	0	0	0	0	0	7	9	0	0	0	3	20	0	18	0	0	0	47	0	0	0	0	0	0	0	0	18	0	0	0	0	0	35	0	0	0	0	0	0	0	0	0	15	9	0	9	0	0	0	0	34	0	0	5	0	0	0	0	0	0	0	0	0	0	3	0	0	21	0	3	0	5	0	0	0	0	0	0	0	0	0	12	7	0	0	0	0	0	0	0	0	0	0	0	0	5	0	0	0	0	0	0	0	0	0	0	0	13	0	11	0	0	0	27	0	0	0	0	0	0	24	10	0	0	0	0	0	0	0	9	10	0	0	0	0	0	15	0	0	0	0	0	0	0	0	0	0	11	0	0	5	0	0	20	0	4	0	29	0	0	0	0	3	0	0	11	0	0	2	0	0	0	0	0	14	0	0	0	0	0	0	0	0	6	0	0	4	0	3	0	5	0	0	0	0	0	0	0	0	0	0	0	0	0	0	0	0	22	2	0	0	0	0	0	0	0	0	0	17	0	0	0	0	0	0	0	0	0	0	0	0	0	0	0	0	0	0	0	0	0	0	0	0	0	14	0	0	0	0	0	0	0	0	13	0	0	0	5	0	0	0	0	0	0	0	0	0	0	0	0	0	6	0	0	0	0	0	0	0	0	0	2	0	0	0	0	0	0	0	0	0	0	0	0	0	0	0	0	3	0	0	0	0	0	0	0	3	8	0	0	0	0	0	0	0	0	0	0	0	0	0	6	0	0	0	0	0	0	0	0	0	0	0	8	0	0	0	0	4	0	0	0	0	0	0	0	0
V33	0	1965	0	2630	16	0	0	0	0	737	0	0	1167	0	0	31	0	0	787	0	688	21	0	0	359	0	0	0	0	196	13	0	34	139	575	0	599	0	0	404	343	10	0	0	0	463	0	29	0	426	322	150	0	0	0	0	0	0	0	0	0	0	385	314	0	0	0	164	0	0	0	0	0	91	0	139	25	302	0	0	0	19	0	0	139	39	0	0	0	12	0	19	0	239	0	16	0	0	28	0	194	8	0	177	3	0	42	206	0	0	247	31	0	0	53	38	130	0	113	999	160	0	49	13	0	0	78	0	0	0	118	348	67	0	14	0	0	0	0	88	110	0	0	0	0	29	0	0	31	9	89	39	28	0	0	148	0	0	0	0	61	57	145	91	0	21	0	0	0	161	17	0	0	0	0	0	0	0	0	10	0	0	0	0	0	72	0	0	51	0	0	36	0	0	0	0	0	0	0	0	0	0	0	0	0	8	39	0	0	0	40	208	0	0	0	0	0	0	0	0	41	0	8	151	0	0	0	10	0	48	11	0	0	0	0	0	22	56	0	0	5	0	29	20	14	0	67	0	19	0	0	7	0	6	0	0	24	0	0	450	0	0	2	0	0	0	0	0	0	0	0	0	0	13	0	0	0	0	0	0	0	0	0	0	0	0	0	0	0	0	0	0	2	0	0	0	0	0	0	0	65	3	0	0	0	0	0	0	0	0	0	9	0	0	0	13	0	0	16	8	8	0	0	0	0	0	9	0	0	5	0	5	0	0	0	0	0	0	0	0	29	15	0	0	0	0	0	0	0	0	0	0	10	0	3	0	0	8	0	21	0	0	0	0	0	0	0	0	0	0	0	0	2	0	0	0	10	0	0	0	0	0	3	0	0	0	0	0	0	0	4	0	0	0	0	0	6	12	0	0	0	0	0	0	0	2	0	0	0	0	0	0	0	0	0	11	0	0	30	0	0	0	8	0	0	0	4	12	0	0	0	0	0	0	30	0	0	4	5	0	0	0	0	0	0	10	0	0	0	0	0	0	0	0	4	0	0	0	0	0	0	0	11	0	0	0	0	0	0	0	0	0	0	0	6	0	0	0	0	0	0	0	0	11	0	0	0	0	0	0	0	0	3	0	37	0	0	0	45	5	0	0	0	0	0	0	0	0	0	0	0	0	0	14	9	0	0	0	0	0	0	0	0	0	0	0	0	11	0	0	0	0	0	0	0	0	4	0	0	0	0	0	0	0	0	0	0	0	0	0	0	0	0	12	0	0	0	0	0	0	0	4	0	0	0	0	0	4	0	0	0	0	0	0	0	0	0	0	0	0	0	0	0	0	0	0	0	2	0	0	0	0	0	0	0	0	0	0	0	0	0	0	0	0	0	0	0	0	0	0	0	0	0	0	0	0	0	0	0	0	0	0	0	0	0	0	0	0	0	0	0	0	0	0	0	0	0	0	0	0	0	0	0	0	0	0	0	0	4	0	0	0	0	0	0	0
